Id,Date,User,Tweet
1,2022-08-26 09:35:41+00:00,isabelmerana,"Ikaw ang boss tapos sasabihin mong wala kang alam sa mga nangyayari sa department mo!! Wala kang kwentang boss!! Inutil ka!!üòè
#dutertelegacy"
2,2022-08-26 04:02:28+00:00,1sambayan_lakan,"MATANDANG kawatan daw si Briones? Kala ko si DIGONG pinag-uusapan nyo. Daming magnanakaw sa gobyerno. Nakakalito ü§£
#DuterteLegacy #NeverForget"
3,2022-08-26 03:41:28+00:00,1sambayan_lakan,"Itong mga Marcos trolls, parang Dolomite Beach. Fake na, magastos din ‚Äî puro pa BASURA ü§£
#DuterteLegacy"
4,2022-08-25 07:51:55+00:00,isabelmerana,"Kung kekwentahin natin, ilang silya, ilang classrooms sana ang napagawa noong bilyon bilyong piso na KINURAKOT, NINAKAW, DINUGAS, NIRAKET, NINENOK ng mga alipores ni Duterte???

#dutertelegacy"
5,2022-08-25 05:19:47+00:00,isabelmerana,"Busing busy ang COA pero ano ang ending? 

Maasahan ba natin na mababalik yung bilyong pisong nilustay ng mga tao ni Duterte? 

Maaasahan ba nating may makukulong? 

#dutertelegacy
#accountability"
6,2022-08-22 13:27:45+00:00,zaplanmarco,"2 years with no face to face classes under the Duterte admin and yet 91,000 classroom short pa rin #DuterteLegacy"
7,2022-08-22 02:44:23+00:00,omironic,"It‚Äôs so funny that 2 years into the pandemic, wala man lang nag-isip na ayusin ang mga pasilidad sa ating mga paaralan. May shortage of armchairs pa. Inutil ang ex-president including his cabinet members. Sarap manampal, mga 31M. #MarcosNotAHero #DuterteLegacy"
8,2022-08-20 00:40:12+00:00,titekojumbo,bat ang mamahal na ng pagkain sa mcdo #salamatprrd #salamatpbbm
9,2022-08-17 02:14:13+00:00,lennon_ladroma,Nawala lang si duterte kaliwa‚Äôt kanan nanaman ang mga matitinding krimen. üò° #pbmm #dutertelegacy #pilipinasmuna #pilipinas #tokhang
10,2022-08-16 15:34:48+00:00,Nosnhoj26841471,"Justice system sa Pilipinas? Palpak. Di pa napapakulong ang mga Marcos sa krimeng ginawa nila at nakapagpatapos na ng mga abogado at naka pwesto na mga galamay para ipawalang sala sila. 

#DuterteLegacy"
11,2022-08-15 10:19:38+00:00,HausOfManosca,Bulok na transport system #DuterteLegacy
12,2022-08-15 09:13:27+00:00,JOHNnatics,#DuterteLegacy this pandemic and making every Filipino made miserable
13,2022-08-15 08:28:43+00:00,lolololorainne,utang. katakot-takot na cursed words. sexist jokes abt ex. vp leni ano pa. pharmally etc  #DuterteLegacy
14,2022-08-15 07:03:11+00:00,tweeterov,"ü§´ guminhawa at umasenso ng husto, ang mga government elected and appointed officials, kahit panahon ng pandemya.
 #DuterteLegacy"
15,2022-08-15 06:54:05+00:00,marbencordero,"Yung nagsasalita yung Presidente tapos bibigyan ng ibang kahulugan ng Spokesperson, ending nalito mga tao tuloy. #DuterteLegacy"
16,2022-08-08 13:53:21+00:00,isabelmerana,"Let‚Äôs wait and see kung ano ang gagawin nitong pamunuan ni bbm sa mga naglalabasang anomalya sa mga opisina ng gobyerno!

Ilang milyon o bilyon ang napunta sa korupsyon??!!

#dutertepanagutin 
#dutertelegacy"
17,2022-08-07 13:52:29+00:00,itsjustaglitch,"Hindi na bago ang paghingi ng donasyon na school supplies ng DepEd. 

Last year, nanghingi din ang mga public school teachers at nakiusap na wag mag-post ang mga nag-donate.

Tapos ngayon mabalitaan mo na bilyon ang korapsyon sa pagbili ng Celeron Laptop. #DuterteLegacy"
18,2022-08-02 08:55:05+00:00,nethrow,"We honestly shouldn‚Äôt be like this as a people. We used to know what is right from wrong. The distortion of truth, peddling of lies, spreading of propaganda and misinformation as political tools, culture of impunity and dishonesty‚Ä¶ the real #DuterteLegacy 

I am truly sorry. üáµüá≠"
19,2022-07-29 07:42:01+00:00,itsY0L0,"An eye for an eye and a tooth for a tooth...

#YumolvsFurigay
#LamitanBasilan 
#UbusanNgLahi
#DuterteLegacy"
20,2022-07-29 04:08:53+00:00,iamkarlatecson,"Fearful forecast: the way media is hyping R/obin Padilla, he just might be the future president. (Most) Filipinos love that macho, bargas, angas vibe. #dutertelegacy"
21,2022-07-29 01:59:50+00:00,dorkhabs,#DuterteLegacy yung parang normal lang patayan talaga oh
22,2022-07-26 05:06:48+00:00,KeedoPeace,"Nasaan ang PhilHealth Funds?
#DuterteLegacy"
23,2022-07-25 08:54:46+00:00,sephGuard,"The shooting at ateneo is a #salamatPRRD legacy. DDS-ism has taken its toll, and it's a crazy one. A gun-wielding lunatic, who shot a school. Rejoice, #DDS . He's real piece of work, and let's pray he's the last one. However, the way I see the voice of support of DDSs, I fear."
24,2022-07-25 07:10:18+00:00,vvnmrysxsxsx,"Jusko namimiss ko tuloy si PRRD. Yung tipong waiting ako sa mura niya kada SONA. Haaaaaaay. forda sepanx si bibyang üò≠

#salamatprrd
#SONA2022 
#BBMfirstSONA"
25,2022-07-25 04:49:54+00:00,xianespartero,"Still can't believe how Duterte turned the people of the supposed ""Only Christian Nation in Asia"" into a morally bankrupt citizenry who justify, and even DEFEND, murder wow. #DuterteLegacy i guess thanksü§∑"
26,2022-07-25 01:44:55+00:00,RFVentura,There moral fiber of this country has been ripped to shreds and we have PRRD to thank for that. ü§Æü§Æü§Æ Nakakadiri!!! #salamatPRRD
27,2022-07-24 13:30:22+00:00,AkocyekErick,ang lala ng mga komento sa fb. sino ba dapat singilin sa mga ganitong tao? #DuterteLegacy #MarcosItakwil
28,2022-07-24 12:14:40+00:00,joethegreat03,Online violence now translating to real world impunity. #DuterteLegacy
29,2022-07-17 05:40:46+00:00,kolsenertito,"üì£ùêèùêíùêÄ
May mga stores pa rin na won‚Äôt accept the new P1K bill pag may crease.
Ang labo kasi talaga ng comms ng BSP, nakisawsaw pa ang @pnppio . Also banks naman, kayo pa ba tatanggi eh sa inyo din naman bagsak pag nasira ang paper money?
Yan, #DuterteLegacy ang stupidity."
30,2022-07-12 12:10:51+00:00,adsinojo,"another #DuterteLegacy is the Narcos Restoration.

#LongLivePlunder
#LongLiveHistoricalRevisionism"
31,2022-07-07 20:20:36+00:00,jennyisms,Yung PhilHealth deduction mo na 2k a month. #SalamatPRRD üí©
32,2022-07-06 00:02:35+00:00,aj_masigan,"Btw, wangwang is another legacy of Duterte‚Äôs  presidency. Abuse, impunity, kapal-ness #DuterteLegacy"
33,2022-06-30 18:17:10+00:00,urgaylollllll,Tangina mo inutil #SalamatPRRD
34,2022-06-29 20:20:25+00:00,ToniSpeakEasy,"Change came, it got worse.

#DuterteLegacy"
35,2022-06-29 15:21:59+00:00,kfshilary,Wala pa din napatupad na batas sa pag taas ng sahod ng nurses. ü•∫üíîüò≠ #DuterteLegacy #Duterte
36,2022-06-29 06:29:55+00:00,isabelmerana,"And we thought the #shitshow is over, paparating pa lang tayo sa most scary part!!ü•π

#dutertelegacy"
37,2022-06-29 05:04:18+00:00,arffychiong,"#SalamatPRRD??? teh remind lang kita, nawalan ka ng mahal sa buhay dulot ng covid at dahil ito sa kapalpakan ni Duterte mwah"
38,2022-06-28 22:43:15+00:00,kokoshaboom,"Reading the tweets under the #SalamatPRRD hashtag, &amp; I do hope na mga bayarang trolls ang mga yan. Kasi, kung ganyan sila kabulag at panatiko for free, ang sad lang. Ginigisa na tayo sa sariling mantika, nagpasalamat pa."
39,2022-06-26 16:46:03+00:00,theaceteves,#SalamatPRRD for what? the imminent economic collapse his administration has caused? weakest currency performance in decades??? skyrocketing prices of goods?? LMAOOOOOOOOOO UTOT NYO
40,2022-06-26 15:51:51+00:00,naofum10,"#SalamatPRRD for what? Sa lahat ng mga mismanagement practices niya habang Presidente siya especially ngayong pandemic?? Bopols na lang talaga maniniwala sa kanya eh paano mga panatiko, Ulol talaga."
41,2022-06-26 15:04:29+00:00,HelloMy2ndAcct,"#SalamatPRRD na pinamulat nyo po kung gaano kasama ang epekto ng maling pagboto na halos lahat ng matatalino at matitinong Pilipino ay npalabas para mangampanya upang di na sana maulit ang trahedyang ito.

Nabigo man kmi pero nananatili sa aming isipan ang masamang imahe nyo. 
ü•≤"
42,2022-06-26 14:59:09+00:00,Tyron80853379,Salamat sa trilyong utang na iiwan mo üôÑ#SalamatPRRD
43,2022-06-26 14:56:16+00:00,viel__viel,Yung i want to be in korea for #iKONcert_FlashbackDay2 and back home in the Philippines for #SalamatPRRD üòÇ
44,2022-06-26 14:15:43+00:00,SGPriori,"Salamat PRRD isa kang malaking salot sa bayan. Makulong ka sana. 

#SalamatPRRD"
45,2022-06-26 14:07:13+00:00,BoholNang,"Umulan man hinintay talaga nang mga tao matapos ganyan ka kamahal tay 
#SalamatPRRD"
46,2022-06-26 14:01:59+00:00,DevalinSea,Worst President daw! Sabi ng mga Iyaking Talunan na Minority! HAHAHAHA #SalamatPRRD
47,2022-06-26 10:15:26+00:00,voxdissentiens,#SalamatPRRD? Pasasalamat sa hirap ng buhay? Inflation sa lahat ng bagay. Walang trabaho. Underemployment. Contractual work abuse. Impunity. Drags. EJK. Pharmally. Thank you? Sadista lang?
48,2022-06-26 07:55:51+00:00,MochantotUson,"Failed Marawi rehabilitation
Drug lords remain free
20000 EJKs
13 Trillion Debt
70% debt to GDP ratio 
Record high unemployment
Energy crisis
Water crisis
Hghest COVID-19 deaths per capita in SE Asia
Mandatory face shields 
Pharmally scandal
Philhealth bankruptcy

 #SalamatPRRD"
49,2022-06-25 03:39:09+00:00,tagapagmulat,"HIRIT PA!

Sa huling buwan ng termino ni Duterte. $178.1-million ang panibagong utang ng Pilipinas ang inaprubahan ng World Bank. Ang nasabing utang ay upang labanan umano ang malnutrition sa bansa. Kawawang Filipino sukdulang ibinaon sa utang ng rehimeng Duterte!

#DuterteLegacy"
50,2022-06-25 02:04:55+00:00,PunchTheLies,"$178.1-million loan ng Pilipinas, inaprubahan ng World Bank. Ang nasabing loan ay upang labanan umano ang malnutrition sa bansa.

Kawawang Pilipinas. Lubog na lubog na sa utang. Gusto yatang magaya sa Sri Lanka? #DuterteLegacy"
51,2022-06-23 14:05:00+00:00,camzlikeA1rose,"Trivia: PRRD had been a Mayor &amp; Congressman at the same time in Davao, before he became president. What a great feat! üëäüèªüíö

#DuterteLegacy"
52,2022-06-22 22:39:16+00:00,mark5_22,"Salamat sa 13 trillion na utang, higit 69,000 na namatay dahil sa COVID-19,sa EJK at wala ng adik, 15 billion Philhealth at 10 billion Pharmally scam at napakalupet na Dolomite beach na very good sa mental health.Good Morning.  
#dutertelegacy"
53,2022-05-31 02:53:01+00:00,claudiopoy,"Of course, in this post-truth era, Duterte apologists will pivot the narrative into ‚Äúhis was the best term ever.‚Äù

But let‚Äôs not forget that under his term: EJKs, tolerance of corruption and mediocrity basta inner circle, media censorship, world-class kabastusan.

#DuterteLegacy"
54,2022-05-30 07:48:15+00:00,voxdissentiens,"#DuterteLegacy Thank You Tatay sa napakamahal na presyo ng bilihin at gasolina. Sa utang mong Php13-Trillion sana'y natulungan mo ang mga sipsip tubo. Salamat sa EJK at paglipana pa rin ng droga, kriminal, at magnanakaw sa gobyerno. Salamat dahil sa iyo naging Presidente si BBM."
55,2022-05-30 06:06:43+00:00,iyamustdie,anong #dutertelegacy ? nakalimutan niyo na ba 'yung war on drugs niya na nag result sa thousands of victims because of ejk?
56,2022-05-30 06:01:31+00:00,MochantotUson,"Record high unemployment
Failed Marawi rehabilitation
Drug lords remain free
20000 EJKs
13 Trillion Debt
Energy crisis
Water crisis
70% debt to GDP ratio
Mandatory Face shields
Biggest COVID-19 deaths per capita in SE Asia
Pharmally scandal
Philhealth bankrupt

#DuterteLegacy"
57,2022-05-30 05:00:41+00:00,JemCruz23,"Pharmally, ejk, sobrang utang at kickback, laging missing in action, pagmumura sa lahat, no respect sa batas, pinamigay phil waters,  pinapakulong mga binebengga BUDOL #DuterteLegacy"
58,2022-05-30 03:51:46+00:00,roncerod,"#DuterteLegacy traffic; EJKs; Delima; CJ Sereno; 2019 election glitch; BBB but not MRT7; Skyway ext, TPLEX ext, Mactan Airport; Spratlys; ICM; tulog, negative GDP what did I miss?"
59,2022-05-30 03:48:11+00:00,murasakioclock,"#DuterteLegacy deaths, so many deaths. trillions of debt. misogyny that validated every a*hole in the country. war on drugs but only for the poor. troll farm template for Marcos. I didn't fucking stutter."
60,2022-05-30 03:43:29+00:00,_jsluna,#DuterteLegacy is EJK and u can't argue with this ‚úã
61,2022-04-20 10:49:04+00:00,iKONtagsz,"Kay PFEM hinahighlight ang ML at di yong nagawa tapos now kay PDuts ang ejk nman. Mga ulalo talaga mga kakampwets na to noh? 
#KayLeniTalo 
#BBMIsMyPresident2022 
#dutertelegacy"
62,2022-03-22 05:18:25+00:00,ArbetBernardo,Wala ring nangyari sa LRT4 at LRT6. Matatapos na yung LRT2 extension. Yung LRT6 sana mag eextend from Bacoor to Dasma. Sayang. #DuterteLegacy
63,2022-03-22 05:12:11+00:00,ArbetBernardo,Walang nangyari sa proposed monorail ng Megaworld from Guadalupe to BGC. #DuterteLegacy
64,2022-03-21 23:42:09+00:00,arejae_,"not ched suspending applications for scholarship due to lack of budget
#DuterteLegacy"
65,2022-03-20 01:54:19+00:00,Andre07132000,"Hoi Mark....tagumpay ba ang Build Build Build?

Sabi ni balimPing, 12 out of 118 lang ang natapos...kami na daw ang humusga!

Siyempre...10% completion within 6 years...FAILURE!!!ü§Æ
#dutertelegacy 

PS...gusto pang sumama sa nanay sa Senado!!! ü§£üòÇ"
66,2022-03-19 04:07:41+00:00,wrath_of_god9,"P200 per month ang budget ng gobyerno para sa ayuda.Para lamang ito sa poorest of the poor.Kung nababasa mo ‚Äòto, malamang hindi ka kasali dun. Wala kang makukuha ni singkong duling.Samantala, uutang pa sila ulit na ikaw at mga anak mo ang magbabayad.Duterte pa rin? #DuterteLegacy"
67,2022-03-17 09:56:33+00:00,Akis2x,Tricycle drivers in our place are considering raising minimum fare to 20 pesos from current 15 if gas/L reaches 90php.  Gi-atay du30!  #DuterteLegacy
68,2022-03-11 08:14:01+00:00,DwightMarten,Kumusta mga ka-#DuterteLegacy. Nakausap na ba ni master tactitian yung friends niya sa Russia na ibaba yung presyo ng gas? Waiting lang sa reply.
69,2022-03-07 21:03:37+00:00,dan_lloydcruz,Di na kailangan patunayan yung mga accusations? parang sanay na sanay lang sa kultura ng EJK ang mga hayop. Di pa ba kayo pagod sa mga ganitong public officials? #BoyingSinungaling #DuterteLegacy #LetLeniLead2022
70,2022-03-04 19:18:12+00:00,PaulaMarist,Duterte Administration gave 70 BILLION pesos to Healthcare workers this pandemic. This is the very reason I don't believe that there is a corruption in his TIME. #OCA #NURSES #DuterteLegacy
71,2022-03-04 19:16:46+00:00,PaulaMarist,Duterte Administration gave 70 BILLION pesos to Healthcare workers this pandemic. This is the sole reason I don't believe that there is no corruption in his TIME. #OCA #NURSES #DuterteLegacy
72,2022-02-26 07:52:51+00:00,Oidad3,Why and how can individual madmen cause so much harm to the world #TrumpTraitor #PutinHitler #DuterteLegacy  #BolsonaroComunista
73,2022-02-24 14:15:43+00:00,isabelmerana,"Pres Duterte is like a plague!! Almost everyone has been affected by his toxicity!!üòè

#DuterteLegacy 
#NoToMarcos2022 
#NoToMarcosDuterte2022"
74,2022-02-24 01:40:56+00:00,thelazysusan11,"#dutertelegacy  Duterte legacy?  Trillions of debt mostly from China, subservience to China, IMPORT,IMPORT, IMPORT at the expense of our farmers and fishermen, weakening of our democratic institutions and thousands of Filipinos dead."
75,2022-02-23 12:28:56+00:00,MangDonald8,"Ang mahal ng gasolina at krudo. Wala namang naririnig mula kay DUTERTE kung paano tayo makakaahon mula dito. Magtataas pa ng buwis.
#DuterteLegacy #dutertepalpak
 
Huwag nating kalilimutan
na si SARA ay DUTERTE.
#KulayRosaAngBukas
#Kakampink 
#LeniKikoAllTheWay"
76,2022-02-22 15:21:18+00:00,RedInkedSquid,Sinong BIG FISH na DRUG LORD ang naipakulong ni DUTERTE? #nganga #dutertelegacy
77,2022-02-21 22:38:23+00:00,drewmatiko,"Jst wanna say, grabe na inflation dito. Ang sakit na sa bulsa fr. Khpon nagpagas ako, yung ‚Ç±200 ko na pang full tank noon sa motor halos half tank na lang ngayon. Not to mention ung mga bilihin sa palengke. üò≠ sobrang pgod sa work bt it‚Äôs seems not enough lagi. #DuterteLegacy"
78,2022-02-16 12:28:49+00:00,IBONFoundation,"[üßµ] The Duterte government claims strong employment creation signalling economic recovery. But with most jobs in merely part-time, low-paying and insecure work, Filipinos are really just making do and their lives aren‚Äôt better off. #DuterteLegacy"
79,2021-12-21 07:57:22+00:00,MrAaronJude,So our President Duterte will be remembered for two things as part of his legacy - death (EJK) and debt (foreign loans) #philippines #dds #dutertelegacy
80,2021-11-21 04:33:00+00:00,ReplyCarlos1988,Nasingil na ba ng @birgovph sa taxes ang mga Chinese POGOs? #DuterteCorrupt #DuterteLegacy
81,2021-11-19 14:32:07+00:00,IANCUOfficial1,"read Usec Lorrain T. Badoy's thoughts on Prrd's current statements and motives...thats what im talking about :D chill and just enjoy the show. layo pa ng election :D 
#DuterteLegacy 
#bmmsara2022"
82,2021-11-19 08:57:23+00:00,isabelmerana,"Just a reminder, bukod sa Pharmally, may isa pang ipamamanang isyu si Pres Duterte. Ito ang issue ng Malampaya! 

Kung bilyong piso ang involved sa Pharmally, dito sa Malampaya mas malaking pera ang mawawala sa ating kabang bayan!! 

#dutertelegacy"
83,2021-11-18 14:47:27+00:00,pisomojacko,"Si Dutae kilala ang mga big time drug user, malamang kilala din niya mga big time supplier/pusher. #dutertelegacy"
84,2021-11-17 12:15:23+00:00,earvin55,"Sa mga stuck pa rin po sa mga pagkukulang ng PNoy admin, nawa'y magising na po kayo at mabuhay sa kasalukuyan. #Halalan2022 #DutertePalpak #DuterteLegacy #DuterteCorrupt"
85,2021-11-17 06:07:59+00:00,CityMouse14,"Duterte can NEVER be a good Senator. His body cannot bear Senate sessions and committee hearings every Monday -Thursday.

He has publicly confessed to being a bored and truant congressman. He has made only 1 law-declaring one special non-working holiday for Davao. 
#DuterteLegacy"
86,2021-11-17 02:32:16+00:00,Lynnely13326039,"Masyadong ginalingan ng mga Ama nila ang trabaho bilang pangulo, di na nag mamatter sa tao ang mga salitang diktador, magnanakaw at mamatay tao. Kayo ano ang legacy ng kandidato nyo? Sama SARA tayong BaBangon Muli.‚úåüëä #BringBackMarcos  #marcoslegacy #DuterteLegacy #BBMSARA2022"
87,2021-11-16 11:08:05+00:00,PandayCoco,Yung feeling na minsan may naalala ka na sobrang nakakahiya na parang masusuka ka. Ganun ang feeling pagnaalala kong  yung 6 na taon ni Duterte as president.#DuterteLegacy
88,2021-11-16 02:01:57+00:00,notsomeaaan,"Ang mga tao takot sa multo, pero pinapalakpakan ang mamamatay tao, at sinusuportahan ang magnanakaw.
#BBM2022
#DuterteLegacy"
89,2021-11-08 00:06:28+00:00,EustaceBangs,"#SalamatPRRD
I live in a barangay na dati ay laging laman ng ""Imbestigador"" episodes dahil sa talamak na bentahan ng droga, ngayon malinis na kami.

EJK is fake news, what actually happened are ""rub-out"" na ginawa ng mga scalawag policemen and politicians na involved sa drugs!"
90,2021-10-25 00:06:54+00:00,nicomontinola,"Filipino lives are worth nothing during Duterte (and Marcos) regime. DOJ looking into only 52 cases out of the nearly 6,000 incidents of EJKs proves this fact. Also, DOH playing with the lives of our healthcare workers during a pandemic is the deplorable. #DuterteLegacy"
91,2021-10-08 11:59:07+00:00,EighchEL,God knows I voted Leni for VP last election &amp; I voted Binay for Pres bcozthat‚Äôs our political party #UNA Pero now mababawasan ng boto si Leni kasi Hindi ko na sya iboboto.I‚Äôve learned my lesson.I hate people who doesn‚Äôt see goodness on other people. #SalamatPRRD #LeniRobredo2022
92,2021-10-08 08:50:54+00:00,m_manipula,"Binababoy nyo ang eleksyon! 
Bato dela Rosa now, substitution later! Kadiri kayo!
#DutertePalpak 
#DuterteLegacy 
#DuterteWakasan"
93,2021-10-08 08:47:32+00:00,amigoManila,"I love The Twist! üò∑üëä
#SalamatPRRD 
#RunSaraRun #RunSaraRun2022"
94,2021-10-08 08:40:39+00:00,Alterlevii,"THESE IDIOTS KEEP COMPARING BBM'S PERFORMANCE WITH LENI ROBREDO'S, TANONG KO LANG HA, ALAM NIYO BA DIFFERENCE NG ROLE NG SENATOR SA ROLE VICE PRESIDENT SA MALACA√ëANG? NARROW-MINDED IDIOTS NA NAKIKISABAY SA USO! PWE!
#Elections2022 #SalamatPRRD"
95,2021-10-08 08:27:32+00:00,patavery_md,Philippine politics becomes more exciting than showbiz. #SalamatPRRD #RunSaraRun
96,2021-10-08 08:23:00+00:00,CommonSenseMuna,Tanong: Does the Duterte admin have a comprehensive health program to help breast cancer patients? Is there universal free treatment? Is there a dedicated medical institution to research cure or even alleviate their pain? #DuterteLegacy #RunSaraRun
97,2021-10-04 13:02:32+00:00,reklamador18,tangina mga baliw at walang utak mga dds. #SalamatPRRD sa maraming utang ng Pilipinas
98,2021-10-04 10:54:31+00:00,WeAre1_PH,"So all these years serving the senate, majority of you focuses on how to demonized the current admin which you're also a part of. Indeed a Kangaroo Court. You're selfish AF. Some of u cannot accept d FACT that DU30 did it better than the prev admins. #SalamatPRRD"
99,2021-10-03 23:28:08+00:00,k_aletha,#SalamatPRRD kasi nagbayad na ng taxes iyong mga malalaking kompanya na maraming utang.
100,2021-10-03 12:41:37+00:00,YourArchiekeens,#SalamatPRRD for being inutile and for making the economy at its worst üôÉ
101,2021-10-03 12:26:26+00:00,Eule_SALINLAHI,"#SalamatPRRD lalo namin naintindihan ang mga salitang:

Bastos
Inutil
Palpak
Berdugo
Traydor"
102,2021-10-03 10:00:37+00:00,aryanapequeno,"#SalamatPRRD is trending. They really thought they did something, huh? üòú But yeah, thank you Duterte. Finally, the country will be free from an administration known for EJK, unfulfilled promises, corruption, and imcompetencies. Maligayang pamamahinga. ü§≠"
103,2021-10-03 04:26:16+00:00,reklamador18,SALAMAT SA PAGPAPAHIRAP AT PAGPAPADAMI MO NG UTANG SA PILIPINAS #SalamatPRRD
104,2021-10-03 04:24:37+00:00,bunnibetta,"#SalamatPRRD for:
-outstanding national debt
-increased chinese presence in OUR sovereign land
-fucking negligent handling of the pandemic
-thousands murdered in a bloody drug war"
105,2021-10-03 04:21:07+00:00,mystheresa,Thank you for nothing #SalamatPRRD
106,2021-10-03 04:20:58+00:00,japotenciano,Thank you for doing nothing üòçüòçüòç #SalamatPRRD
107,2021-10-03 04:20:53+00:00,epoyismo,#SalamatPRRD at umalis ka rin &lt;333
108,2021-10-03 04:19:49+00:00,itz_stayc,"sa 4 na taong naka upo ka, ang pagretiro lang ang tama mong ginawa #SalamatPRRD"
109,2021-10-03 04:11:09+00:00,_macmac_12,‚ù§Ô∏è‚ù§Ô∏è‚ù§Ô∏è #SalamatPRRD
110,2021-10-03 04:09:25+00:00,Nickiiniknok,KAULULAN #SalamatPRRD
111,2021-10-03 04:08:06+00:00,paolo_abayari,"#SALAMATPRRD! MAKAKAPAG PAHINGA KA NA :) #LeniforPresident2022 #LeniforPresident2022 #LeniforPresident2022 #LeniforPresident2022 #LeniforPresident2022 #LeniforPresident2022 #LeniforPresident2022 #LeniforPresident2022 #LeniforPresident2022 
MALINAW PA SA ARAW!"
112,2021-10-03 04:04:57+00:00,bellstan1,"Pharmally and BFF chinese loud and proud to say #SalamatPRRD sa pag aabogado mo sa amin during your talk to the nation.Priority mo talaga kami.Kaya lumakas ang loob namin.Walang mangyyari sa imbestigasyon ng senado,kc nandyan ka. üôÑ kawawang Pilipino."
113,2021-10-03 04:03:14+00:00,joherndep,#SalamatPRRD for enabling this time of pandemic as the Golden Era for Corrupt Govt Officials!
114,2021-10-03 04:02:12+00:00,realArEm_12,#SalamatPRRD makakaalis kana ge byeee
115,2021-10-03 04:00:19+00:00,raechismis,YES SLAY QUEEN GIVE US NOTHING #SalamatPRRD
116,2021-10-03 03:57:44+00:00,TheCatSaysMao,"#SalamatPRRD for all the death and suffering, the corruption and unemployment, for dividing this country and selling us out to the Chinese Communist Party, and for your worthless late night tirades and for unjustly closing ABS-CBN. This is your legacy, own it."
117,2021-10-03 03:57:34+00:00,YourSquishyTank,#SalamatPRRD for setting the bar so low that even Pacquiao thinks he should be president.
118,2021-10-03 03:56:34+00:00,OnlytheBrave28,"#SalamatPRRD for bringing Philippines to its knees especially on a global pandemic and for prioritising all the wrong things and hailing all the wrong people. You've made HCWs beg for what are essentially theirs and that, that will be one of your legacies.

#LetLeniLead2022"
119,2021-10-03 03:55:59+00:00,Jay05491396,#SalamatPRRD
120,2021-10-03 03:55:18+00:00,shannonjhinocha,Salamat tatay kase madami kang na UTONG MGA BOBONG MGA DDS AT GINAWA MO SILANG INUTIL #SalamatPRRD
121,2021-10-03 03:54:47+00:00,PenyNOTsoWise,"Daming mga matatalino at magagaling sa Pinas.üôä Swerte ko talaga
#SalamatPRRD"
122,2021-10-03 03:53:32+00:00,redlayos,"#SalamatPRRD at naisipan mo na mag retire. You set the bar so low, now everyone thinks they can run a country. #DutertePalpak #DuterteInutil"
123,2021-10-03 03:52:01+00:00,kiyan_julio,#SalamatPRRD kasi wala ka na next year.
124,2021-10-03 03:41:29+00:00,Rubber_Knife,#SalamatPRRD sa pinakamaganda at kapaki-pakinabang mong ginawa...magretire
125,2021-10-03 03:37:24+00:00,titserRiz,sampalin ang veeerus  #SalamatPRRD
126,2021-10-03 03:36:52+00:00,cleo86988201,Salamat po duterte at you are planning to retire in polotics asahan nyo na if leni lead tataas moral mg filipino na binaba nyo #SalamatPRRD
127,2021-10-03 03:34:16+00:00,Shortee3MEW,"#SalamatPRRD excited na kami makita ka naka neck brace at wheelchair.

Push lang nang push, never lose hope‚Äô tayo #LeniforPresident2022"
128,2021-10-03 03:30:29+00:00,rivasdspaniard,PRRD demonstrates his prowess in the political arena. What's the next move?Everyone's looking for a needle in the middle of the haystack. #SalamatPRRD
129,2021-10-03 03:29:18+00:00,mikhailblaze,"#SalamatPRRD for:

- fucking up the COVID-19 response

- killing thousands of your citizens

- letting üá®üá≥ steal our islands

- defending corrupt police officials and government officials

- 11 trillion debt

- letting shady businessmen swindle the government 

#DuterteLegacy"
130,2021-10-03 03:27:46+00:00,amigoManila,#SalamatPRRD for unmasking the dicktador! üò∑üëä
131,2021-10-03 03:26:45+00:00,shrwnswing,Final answer na po ba to? Char #SalamatPRRD
132,2021-10-03 03:26:28+00:00,MiyameH,"#SalamatPRRD

Salamat TAY DIGONG‚ù§‚ù§‚ù§‚ù§üëäüëäüëäüëäüëä"
133,2021-10-03 03:24:50+00:00,godyedamismine,Wala kang nagawang tama pero salamat padin kasi mag reretire ka na. #SalamatPRRD
134,2021-10-03 03:21:20+00:00,gelcristinows,INALIW AT NILARO NYO ANG PINAS! HAHAHA #SalamatPRRD
135,2021-10-03 03:17:14+00:00,ratedteacher,lmao what for??? for disappointing the people? sure #SalamatPRRD
136,2021-10-03 03:15:50+00:00,verzejelo,"Thank you for nothing. Literally the best president in terms of corruption.ü§Æ
#SalamatPRRD"
137,2021-10-03 03:13:55+00:00,ddeonuthecute,AKALA KO PATAY NA SI DU30 SORRY NAMAN NO HAAJSHSJSHSAHAHAJH YUNG HASHTAG KASE GANYAN #SalamatPRRD
138,2021-10-03 03:12:28+00:00,_juanistaluwi,"bat naman ako mag ta-thank you sa tatay niyo? dzuh. DIGONG LANG SAKANAL! 

#SalamatPRRD ew!"
139,2021-10-03 03:11:22+00:00,RonaldR75484618,#SalamatPRRD
140,2021-10-03 03:09:47+00:00,AguilusTyrone,#SalamatPRRD at sa 11 trillion na utang
141,2021-10-03 03:09:36+00:00,jerviesfuentes,#SalamatPRRD üòîüòî‚Ä¶ sa wala #LeniforPresident2022
142,2021-10-03 03:06:33+00:00,_iamclarkkent,"#SalamatPRRD 

ROT IN HELL."
143,2021-10-03 03:04:46+00:00,Arayoflightina1,"#Philippines #DuterteLegacy, unfortunately, the media continues to refer to Duterte as a ""strongman"" when his very actions display cowardice and insecurity.  Anyone who displays 'strongmanship' by slaughtering their own citizens and by ignoring international rules of law"
144,2021-10-03 03:04:16+00:00,eolhcassyla,dahil sa #SalamatPRRD ang daming kong na block na DDS üòÇ
145,2021-10-03 03:04:12+00:00,PuppyIsko,#SalamatPRRD Hindi mo kami pinakulong na mga drug lord. Marami sa aming Chinese ang kumita. Marami ulit utang ang bansa. Napatunayang bobo ang mga pinoy dahil sa iyong maraming humanga. Maraming yumamang alagad mo.
146,2021-10-03 03:03:12+00:00,_iamclarkkent,#SalamatPRRD GIVE US NOTHING!! WAG KA NA BABALIK. üíã üòò
147,2021-10-03 03:00:28+00:00,heliverze,#SalamatPRRD for nothing lmao best pet ever ng china
148,2021-10-03 02:57:59+00:00,aaronjeremyme2,For what? #SalamatPRRD
149,2021-10-03 02:54:08+00:00,QueenJuliaBA,#SalamatPRRD FLY HIGH üïäÔ∏è KUNG NASAN KAMAN NGAUN AHAHAAHAHAHAHHA
150,2021-10-03 02:54:01+00:00,guycalledjunkyu,"#SalamatPRRD for the failed covid response, ejk, police brutality, red tagging, etc. You've set the bar really low! ‚úä"
151,2021-10-03 02:53:20+00:00,enbylexi,#SalamatPRRD should be #TanginaMoPRRD matatapos na lang ang termino mo wala ka man lang pambawi sa lahat ng kababuyang ginawa mo sa bansa.
152,2021-10-03 02:52:00+00:00,iamlucitian,#SalamatPRRD sa napakalaking utang na iniwan mo para sa susunod na henerasyon.
153,2021-10-03 02:48:11+00:00,mad_exxo,RIP #SalamatPRRD
154,2021-10-03 02:47:52+00:00,papijow,#SalamatPRRD Hindi mo na kaya.. Pahinga ka na. Tama yan.. bambuhayüòÇüòÇüòÇüòÇ
155,2021-10-03 02:45:43+00:00,ReplyCarlos1988,#SalamatPRRD at nalaman ng nga Pilipino kung gaano ka kapulpol at gaano kacompetent si VP Leni! #LeniforPresident2022
156,2021-10-03 02:45:18+00:00,lovemoonjun,For what? omg #SalamatPRRD
157,2021-10-03 02:42:05+00:00,BlogRonald,Thanks and F U for 6 years trash and waste #SalamatPRRD
158,2021-10-03 02:34:54+00:00,mxnreyn,#SalamatPRRD for giving us nothing ‚ò∫Ô∏è
159,2021-10-03 02:34:54+00:00,idunnowhat_,"salamat sa maraming utang at walang kwentang pagmamanage ng pandemic sa bansa, tangina mo talaga #SalamatPRRD"
160,2021-10-03 02:26:53+00:00,tyroford,"Tinarantado mo ang pilipinas PRRD, tinarantado mo ang pilipino.... #SalamatPRRD"
161,2021-10-03 02:25:01+00:00,defsouljayb19,"#SalamatPRRD at magreresign ka na sa politics, wala ka namang dulot HAHHAHHAHAHHA"
162,2021-10-03 02:22:06+00:00,oliviarduterte,#SalamatPRRD . . . for retiring from politics. Next stop is jail! ü§£ü§£ü§£ü§£üëä
163,2021-10-03 02:21:49+00:00,jardeeling,Salamat for WASTING taxpayer‚Äôs money ü•¥ü•¥ü•¥ #SalamatPRRD
164,2021-10-03 02:19:36+00:00,itsmemujar,"From Pharmally

#SalamatPRRD kasi yumaman kami üôÇüôÇüôÇ"
165,2021-10-03 02:17:40+00:00,manila_wanderer,#LeniforPresident2022 is better than #SalamatPRRD
166,2021-10-03 02:17:27+00:00,httpenggoy,"Salamat po sa pagprotekta sa executives ng Pharmally, sa pagsira ng ekonomiya, at sa pagpapalugmok sa buong bansa #SalamatPRRD"
167,2021-10-03 02:15:29+00:00,harryngtondomnl,#LeniforPresident2022 is better than #SalamatPRRD
168,2021-10-03 02:13:23+00:00,6PhilMac,Ang stupid ng mga nag-aakalang #SalamatPRRD is trending because people are really thanking him. Alam nyo yung salitang SARCASTIC? Laughing stock na Lang Duterte nyo!
169,2021-10-03 02:12:58+00:00,Bbeans21,"Thank you for 6 years na gaguhan tuta Ng chinaüáµüá≠ Ang galing mo kingina mo
#SalamatPRRD #RestInPeace"
170,2021-10-03 02:11:07+00:00,6PhilMac,"#SalamatPRRD Because you set the BAR SO LOW, maski TAONG GRASA pwede nang tumakbong PRESIDENTE!"
171,2021-10-03 02:07:48+00:00,k_krstffr,thanks for NOTHING #SalamatPRRD
172,2021-10-03 02:01:18+00:00,krsh_,#SalamatPRRD sa pagreretire. Sana agahan mo pa. Alis na!!!
173,2021-10-03 01:56:51+00:00,jjuancarrlost,Hindi ka na tatakbo  #SalamatPRRD
174,2021-10-03 01:54:42+00:00,MarkKevinC93,"On one hand, nakakalungkot. On the other, masaya for his last troll move.

Bakit? Napahiya nanaman yung mga ANALysts na nagsabing Duterte-Duterte Tandem daw next year.

Lodi talaga. 
üòÜüòÜüòÜ
#SalamatPRRD"
175,2021-10-03 01:54:41+00:00,almutairi_juio,#SalamatPRRD hay makakatulog ka narin  na  hanggang  gusto nyu po.
176,2021-10-03 01:53:34+00:00,c137tedd,#SalamatPRRD because we're still on a lockdown for almost 2 years now..
177,2021-10-03 01:52:18+00:00,thewshingwel,#SalamatPRRD sa wala
178,2021-10-03 01:51:00+00:00,JrAgdoro,#SalamatPRRD for being one of the worst presidents our country had. üí™
179,2021-10-03 01:50:12+00:00,markeenain,#SalamatPRRD R.I.P. po
180,2021-10-03 01:48:12+00:00,markeenain,#SalamatPRRD for the 11.6 Trillion debt ü§Æ
181,2021-10-03 01:47:23+00:00,JustMe80041125,"#SalamatPRRD sa mga tinamong mura sa loob ng mahigit 5yrs. ""Putangina mo! ma miss ng mga DDS iyan."
182,2021-10-03 01:47:15+00:00,jason_panuelos,"#SalamatPRRD for stealing 2 years of our life. The longest lockdown ever. Making us lose friends and loved ones for your personal gain.

DDS really be tweeting this while stuck in their homes doing nothing, but lol thanks for extended passport validity and highways we can't use."
183,2021-10-03 01:13:12+00:00,Blu3Rang3r_,"#SalamatPRRD sa pagpapahirap sa buhay ng mga Pilipino! Sa lumalaking utang na babayaran ng susunod na henerasyon, sa kaliwa‚Äôt kanan na corruption, at sa pagiging isang CHEAP POLITICIAN!"
184,2021-10-03 01:01:08+00:00,ibongpipit813,#SalamatPRRD dahil sayo nalaman namin na may mas naging malala pa pala na presidente ng Pilipinas kaysa kay Marcos. Mas nalaman namin na dahil syo mas lalong bumilis ang laki ng utang ng Pilipinas. Ikaw na talaga!ü§Æü§Æü§Æ
185,2021-10-03 00:45:39+00:00,boss_volley,"EJK, FAILED PANDEMIC RESPONSE, PHARMALLY CORRUPTION, PULIS/MILITAR BRUTALITY, RED TAGGING, DOLOMITE BEACH, WPS, TROLL FARMS ETC.... 

#SalamatPRRD"
186,2021-10-03 00:41:07+00:00,JewelsHRH,"Salamat nyo mukha nyo!!!!! Salamat kako sa EJK, sa red-tagging, sa lahat ng put*angina, sa build build build na puro credit-grabbing, sa fake drug war na ang mayayaman mong kaibigan ok lang, sa Pharmally, sa low-class na gobyerno at sa mga senador na wlang silbi. #SalamatPRRD"
187,2021-10-03 00:28:54+00:00,reel_jezz,Thank u s build build build program na puro utang pero wait ung iba dun privately funded (gisado sa sariling mantika) #SalamatPRRD
188,2021-10-03 00:27:40+00:00,milkyniellie,hoy grabe  #SalamatPRRD kasi sa dami ng utang at problema ng pilipinas dinagdagan mo pa ü•∫‚úäüèª
189,2021-10-03 00:21:33+00:00,totocovy,#SalamatPRRD dahil sayu 11trillion ang utang nnag pinas tapus dolomite sand lng ang proyekto mo.
190,2021-10-03 00:05:59+00:00,ReplyCarlos1988,#SalamatPRRD sa malasakit mo sa Boracay. Pinasara mo para mapaganda sa mata ng China. #NoToCasinosInBoracay
191,2021-10-03 00:04:52+00:00,DeyLgspiII,#SalamatPRRD laman ka nanaman ng topic namen sa school bukas üôÇ
192,2021-10-03 00:04:39+00:00,ReplyCarlos1988,#SalamatPRRD at nalaman naming di ka pa bangkay sa pamamagitan ng paggo-golf at pagja-jogging mo ng disoras ng gabi. Mukhang tanga no? Yan lang kasi kaya ng ga-munggong utak ni Bong Go.
193,2021-10-03 00:03:58+00:00,reel_jezz,Salamat mdami retired general ang ngkaroon ng trabaho uli s mga departamentong di nila expertise. Kung anu anu tuloy proyekto ginagawa nila (takot s coup d‚Äôtat yarn)üëäüëäüëä  #SalamatPRRD
194,2021-10-03 00:03:28+00:00,HGomez36,#SalamatPRRD
195,2021-10-03 00:02:30+00:00,ReplyCarlos1988,#SalamatPRRD at buhay na buhay ang industriya ng Troll Farming sa Pilipinas. Like if you‚Äôre not a troll! ü§°
196,2021-10-03 00:01:46+00:00,histeabunny,"Amputangina ang mga troll nagpa trend pa talaga ng basurang hashtag like this ah #SalamatPRRD Well, mabuti ngang magretire na siya ü•±"
197,2021-10-03 00:00:08+00:00,lawofhannah,"Salamat, dahil sayo we live in a dystopia #SalamatPRRD #Cyberpunk2077"
198,2021-10-02 23:59:56+00:00,yomagnet,Thank you for all the killings and making the country more divided EVER in history. #SalamatPRRD
199,2021-10-02 23:58:26+00:00,Rusell72295884,"Maraming salamat daw po sabi ng mga Chinese. Maraming salamat daw po sabi ng mga inosenteng namatay sa war or drugs. Maraming salamat daw po sa mga taong maililigtas sana na mamatay sa Covid-19. Maraming salamat daw po sa laganap na korupsyon.
#NeverAgain
#SalamatPRRD"
200,2021-10-02 23:57:08+00:00,ReplyCarlos1988,"#SalamatPRRD dahil sayo, sikat ang Pilipinas sa ICC. #CantWait @IntlCrimCourt, welcome to the Philippines!"
201,2021-10-02 23:56:08+00:00,ReplyCarlos1988,"#SalamatPRRD para sa mga Usec at Asec na walang kwenta - Celine Pialago, Mocha Uson, Epimaco Densing, Godess Libiran. Lahat sila daang libo ang kubra sa buwis ng Pilipino pero wala namang silbi!"
202,2021-10-02 23:56:06+00:00,MillionsOfGold,#SalamatPRRD sa inde pag bababa ng travel ban sa China at hintayin muna may mahawaan sa bansa para majustify ang travel ban sa China.
203,2021-10-02 23:54:28+00:00,Jungie36292620,Puro trolls hahaha #SalamatPRRD
204,2021-10-02 23:54:24+00:00,ReplyCarlos1988,"#SalamatPRRD dahil sa hurt mong feelings 11,000 empleyado ng ABSCBN ang nawalan ng kabuhayan sa gitna ng pandemya. Katangi tangi ang feelings mong tang ina ka."
205,2021-10-02 23:54:16+00:00,_iamclarkkent,Tanginang yan. Aga aga ang daming nagkakalat sa Twitter regarding #SalamatPRRD at Duterte. Ang ganda naman ata ng timing nyo dahil inamin ng tatay nyo na tatakbo nga si Sara? Pinahaba nyo pa ang drama kinginang yan
206,2021-10-02 23:53:57+00:00,akoeto0078,"#salamatPRRD
üëäüëäüëä"
207,2021-10-02 23:53:40+00:00,daphine36,Trending #SalamatPRRD . Bakit?! Nagresign na?
208,2021-10-02 23:53:24+00:00,ReplyCarlos1988,#SalamatPRRD at libu libong tao ang nawalan ng kapamilya dahil sa pekeng War on Drugs. #NeverForget Kian Delos Santos.
209,2021-10-02 23:50:27+00:00,ReplyCarlos1988,#SalamatPRRD dahil sayo natuto mag Tagalog ng konti lang si Michael Yang. Pero bilyon bilyon naman ang kapalit ha. Ubos kaban!
210,2021-10-02 23:50:00+00:00,jomnngs,Ganda ng gising ko tas may pa hashtag kayong ganito: #SalamatPRRD tas kala ko good news talaga. Hays. ü§£ü§£ü§£
211,2021-10-02 23:48:29+00:00,pinoylodi,#SalamatPRRD for giving us nothing! You set the bar really low! Salamat po!
212,2021-10-02 23:47:15+00:00,ReplyCarlos1988,#SalamatPRRD dahil sa pagmamahal mo sa China andaming Pilipino na ang nagbuwis ng buhay. Sana ikaw naman next.
213,2021-10-02 23:46:31+00:00,ReplyCarlos1988,"#SalamatPRRD at dahil sayo andaming BOBO sa senado gaya nila Bato, Go, Tolentino, Pimentel, Cayetano, Marcos, Pacquiao, Villar, Revilla, at Angara."
214,2021-10-02 23:43:31+00:00,PjMcJordan_123,#SalamatPRRD is trending lol. Deserve nito ng panglaban! Yung MM build tapos tank build pinaghalo!
215,2021-10-02 23:43:08+00:00,ReplyCarlos1988,#SalamatPRRD at napalibing sa Libingan ng mga Bayani ang kasing gago mong si Ferdinand Marcos. Mahal ng magnanakaw ang kapwa magnanakaw. Di pa kayo magsamang maagnas tang ina kayo.
216,2021-10-02 23:41:57+00:00,ReplyCarlos1988,#SalamatPRRD sa di mo pagpapakita ng SALN at ng tunay mong medical bulletin. Makulong ka sanang putang ina ka.
217,2021-10-02 23:41:12+00:00,ReplyCarlos1988,#SalamatPRRD at ang yaman yaman na ni Duque at Roque. Tang ina nyong tatlo!
218,2021-10-02 23:41:11+00:00,YajYaj41494685,#SalamatPRRD sa Face shields ü§°ü§°ü§°ü§°ü§°ü§°ü§°ü§°
219,2021-10-02 23:39:39+00:00,ReplyCarlos1988,#SalamatPRRD sa pagtatanggol mo sa Pharmally. Tang ina ka!
220,2021-10-02 23:39:08+00:00,Apri90414972,"#SalamatPRRD
#BBMFORPRESIDENT2022"
221,2021-10-02 23:39:01+00:00,_t_r_a_n_t_,#SalamatPRRD daw pero bat' hindi pa rin natataasan ang mga sweldo ng mga karapat-dapat kagaya ng mga healthcare workers at yung internet na pinangakong pabibilisin pero mabagal pa rin... Make it make sense...
222,2021-10-02 23:36:48+00:00,reel_jezz,"Thank u PRRD U really defend the oppress pharmally- gave them protection, lawyer for them and grow their business.. ang dami mo talaga ng improve n business s pinas  #SalamatPRRD"
223,2021-10-02 23:32:52+00:00,YajYaj41494685,#SalamatPRRD nagmamahal Chinese Community and Pharmally ü§°ü§£
224,2021-10-02 23:30:42+00:00,bloomsdaygirl,Tangnamo. Resign na now. #SalamatPRRD
225,2021-10-02 23:29:24+00:00,NotYourHeavenP,#SalamatPRRD Yan Yung pinakamalaking mong ambag na mag retire kang putang ina ka!!
226,2021-10-02 23:22:34+00:00,Cholo_Guy,"Yung utang po, pano? #SalamatPRRD magpahinga na po kayo sa China."
227,2021-10-02 23:20:15+00:00,megabadian,#SalamatPRRD dahil aalis ka na sa politics. Naghihintay na ICC sa iyo. Hihihi
228,2021-10-02 23:20:05+00:00,leiwidthme__,"#SalamatPRRD is trending, linggo guys maawa naman kayoüòî nakakadiri"
229,2021-10-02 23:18:28+00:00,ReynorEspiritu5,Sa lahat ng corrrupt dept mo ha ha ha #SalamatPRRD
230,2021-10-02 23:15:32+00:00,voxdissentiens,Thank you for the P11-Trillion debt. #SalamatPRRD
231,2021-10-02 23:04:36+00:00,lonelywhabut,"Somehow, #SalamatPRRD take care."
232,2021-10-02 23:03:19+00:00,bae_b_q,Among #SalamatPRRD? Salamat sa pagbibigay ng WPS sa China? Salamat sa Pharamally? Salamat sa Philhealth controversy? Salamat sa palpak na drug war?
233,2021-09-30 09:46:14+00:00,ivasnh,"EJK, corruption, incompetence, foreign subservience #DuterteLegacy"
234,2021-09-30 09:42:40+00:00,EverdoneDeal,"fake news, ejk and division.
#DuterteLegacy
#DutertePalpak"
235,2021-09-30 09:39:55+00:00,DPinoyCosmonaut,"#DuterteLegacy eh magbayad ng utang na loob sa dabarkads nya sya naman mismo umamin dyan, feeling kasi nya sa kanya lahat ng resources ng gobyerno tsk #LetLeniLead"
236,2021-09-30 09:26:20+00:00,tosotd1989,"#DuterteLegacy
- EJK
- Worst place to be in during pandemic
- additional billions of loans
- unemployment
- fake war on drugs
- corruption
- fake FOI (where' the SALN?)
- biased on ABSCBN franchise
- world embarrassment
- incompetence

#tanginamoduterte #fuckduterte"
237,2021-09-30 08:53:55+00:00,_martinsalazar,"#DuterteLegacy = massive corruption, failed drug war, proliferation of cronies, chinese militarization of west philippine sea, failed pandemic response."
238,2021-09-30 08:00:37+00:00,aceromagic,"Thousands dead and countless instances of abuse of power. Tapos sandamakmak na korupsyon. That is the #DuterteLegacy 

We are in dire need of a righteous and trustworthy President. Someone who will stand against the mentioned atrocities. You know who this is. #LetLeniLead"
239,2021-09-30 07:58:21+00:00,gonegirlx,Ano bang legacy ni duterte wala akong maalala kundi horror stories simula nang naupo sya. Ginawa nyang impyerno ang Pilipinas pwede na nya palitan si Satanas #DuterteLegacy
240,2021-09-30 07:58:17+00:00,cyberwizard1289,Rampant corruption at lahat kaalyado at inaabogado ni Dudirty #DuterteLegacy
241,2021-09-30 07:56:18+00:00,JamzJW,"I feel like my mental health is at its worst state like the infamous #DuterteLegacy. The only difference is that I'm (most) aware that things are wrong, and I can manage to bounce back. char, no char"
242,2021-09-30 07:46:54+00:00,9teen7ty2,"Trending na naman #DuterteLegacy, may nagbago ba?

- Protection for his allies
- Massive debt
- Eradicating neither drugs nor corruption
- Letting the Chinese exploit our natural resources
- Dolomite instead of mangroves because it looks prettier
- Live but pre-recorded
- etc."
243,2021-09-30 07:40:57+00:00,gabrielhmercado,"#DuterteLegacy
P11.64 trillion outstanding debt
3.88 million unemployed Filipinos
EJK
Suggesting we become Chinese province.
Pharmally
False election promises ie., Endo, 6 months corruption, 6 months traffic.
Allowing Marcos Burial
just so many"
244,2021-09-30 07:25:50+00:00,Tatsulok13,"#DuterteLegacy Gaslighting and Proliferation of Fake News. Mga bagay na expert hindi lang ang mga enablers at hardcore DDS, pati mismong poon niyo. Pero wala lang sa inyo no? Kasi mahal niyo ‚Äútatay‚Äù niyo. Hindi pagmamahal yan, pagsamba yan. Kasi kung mahal niyo, itatama niyo."
245,2021-09-30 07:24:46+00:00,_Uchiiiii,"The only #DuterteLegacy that Filipinos will remember is yung pang aabuso niya ng kapangyarihan niya at ang kanyang mga aso upang pahirapan ang masang pilipino kaya wakasan na natin ito sa darating na eleksyon at iboto ang karapat dapat na mamuno! 

#Halalan2022"
246,2021-09-30 07:24:30+00:00,brilliance1205,"Ang pagbaba ng mga qualification nang mga nakaupo sa gobyerno, nagsimula sa regime nya. Lahat ng gaslighting at kasinungalingan mapagtakpan ang kapalpakan  #DuterteLegacy"
247,2021-09-30 07:20:35+00:00,joshuaceefox,"#DuterteLegacy P11.64 Trillion in debt as of August and expected to reach P11.73 trillion by end of the year.

Utang na ilang henerasyong Pilipino ang magbabayad ü•¥"
248,2021-07-26 11:41:52+00:00,royVives,"P11Trillion UTANG
30000 Extrajudicial killings
Build Build Build ni PNoy
Asan ang drug lords?
#DuterteLegacy"
249,2021-06-06 00:00:05+00:00,heyheyheyfox,Yung legacy talaga ni duterte ay 11-trillion na national debt na noong 2016 nasa halos 6-trillion lang. Oh mga DDS sino magbabayad nung utang? Sana kayo na lang kasi ginusto at hinayaan nyong mangyari. Kawawa ang Pilipino #DuterteLegacy #DutertePalpak
250,2021-03-30 23:29:37+00:00,heyheyheyfox,Ang daming pera na inutang ng pamahalaan pero hindi naman si duterte yung magbabayad kaya tayo rin maghihirap dyan sa kinukurakot sa mga darating na taon. Sana at dapat managot siya; magbayad sila pati mga DDS. #DutertePalpak #DuterteInutil #DuterteLegacy #Duterte #DuterteManyak
268,2022-06-28 21:28:33+00:00,benjar_martin,"#SalamatPRRD 
Iminulat kami na pwede pa palang umigi ang takbo ng Pilipinas. Hindi namin sasayangin ang iyong sinimulan."
269,2022-06-28 21:14:46+00:00,Balimari1,#SalamatPRRD you are the best leader in my time. ‚ù§Ô∏èüáµüá≠üëäüèº
270,2022-06-28 19:10:28+00:00,chang_noahruan,"Ang tunay na mabuting mamamayang Pilipino ay hindi nagka -Cancel ng kapwa Pilipino. UniTeam at mga ka DDS ay support lang sa mga gagawin ng current Government nila Pres. Marcos and Vice Duterte. 
#SalamatPRRD"
271,2022-06-28 17:17:58+00:00,CatCoffeeLady,"You inspired me in so many ways, Sir. You have become my role model of being a great leader. Salamat sa Diyos at binigay Niya kayo sa amin.
Sepanx. üò¢
#SalamatPRRD  Salamat po sa lahat. üëä‚ù§Ô∏è"
272,2022-06-28 15:09:21+00:00,Hello_buhangin,Not a perfect president but indeed a great one. #SalamatPRRD ‚ÄºÔ∏è
273,2022-06-28 14:16:40+00:00,Busoglusog2,"Nung 2015 campaign mo palang, bilib nako sayo base lang sa mga kwento ng mga ordinaryong taong nakasalamuha mo. Ngayon, patapos na ang 6 na taon mong paggampan bilang Pangulo, lalo kitang hinangaan. Maraming salamat sayo. #SalamatPRRD"
274,2022-06-28 06:56:41+00:00,ninosalamat,"#SalamatPRRD

In my 30yrs i‚Äôve been with 5 President. FVR, ERAP, GMA, PNOY and Digong. 

PRRD and FPGMA ang pinaka THE BEST President.

Worst? PNOY!!!!!

#PRRD
#DDS
#DuterteLegacy"
275,2022-06-28 01:39:01+00:00,ImDaleSoriano,"Masaya ako at nakakulong pa rin si DE LIMA. Nakarma na ang mga DILAWANG nagpahirap sa bayan. Dedz na. Tapos wala nang mga hayop sa Senado na natutulog lang at naghahasik ng laway. Sa makalawa, burado na ang walang kuwentang VP kuno. #SalamatPRRD"
276,2022-06-28 01:26:06+00:00,akosidaniellehe,Thank you for the 6 years Mr President.  #SalamatPRRD
277,2022-06-28 00:58:29+00:00,Bestpupever1,"#DuterteLegacy 
Improving internet services in the Philippines.  There were some arm twisting made but eventually it benefited the entire nation. Credit that to Digong only."
278,2022-06-28 00:21:24+00:00,31milmovement,"Wow, #SalamatPRRD ü§úü§õ

Join The 31 Million Movement
Follow UniTeam Movement Worldwide"
279,2022-06-28 00:18:25+00:00,bingbongbarack,The Philippines has a STRONGER and BETTER-EQUIPPED MILITARY FORCE. #SalamatPRRD
280,2022-06-26 00:13:37+00:00,g_darna,"What chosen today, impacts forever. 

DUTERTE LEGACY
#SalamatPRRD"
281,2022-06-26 00:13:31+00:00,g_darna,"The man who speaks the truth is always at ease.

DUTERTE LEGACY
#SalamatPRRD"
282,2022-06-16 11:05:08+00:00,minsootkim,"14 days left for the strongman

Prior to the pandemic, the economy grew an average 6% or higher. Per capita nat‚Äôl income increased by 30%; gross capital formation upped from 21.3% of GDP to 26.4%

Net FDIs leaped from $100 mn (2015) to $5.3 bn (2019)

#SalamatPRRD 
#DuterteLegacy"
283,2022-06-16 10:14:16+00:00,PinayAJEDI,"Once the MRT free ride is over this month, magBUS carousel naman ako. Siguro I'll do a on day trip on all buses bago ito mag-end. Sana ituloy tuloy na ang free rides for the masses. Ang laking tulong sa tipid at oras for ordinary folks like me.
#SalamatPRRD"
284,2022-06-16 04:27:26+00:00,TNCBGA,"Im gonna f-ing MISS YOU Tatay Digong ü•∫ Thank you for the last 6 years. A well deserved rest in your home in Davao. We will make sure to continue your legacy of REAL CHANGE üëä
#SalamatPRRD"
285,2022-06-16 02:44:33+00:00,starkverse,Ung PNP na para lang sa mayaman. #DuterteLegacy
286,2022-06-15 15:41:37+00:00,31milmovement,"Starlink has entered the chat üòÅ 

#SalamatPRRD 

PLDT has to find ways to improve or else...."
287,2022-06-15 14:55:22+00:00,chanchi_evo1,"""I told you before that when I leave the presidency, mag-iwan ako ng strong Armed forces pati pulis"" -PRRD
#DuterteLegacy
#MaramingSalamatPRRD"
288,2022-06-15 11:24:44+00:00,31milmovement,"#DuterteLegacy and Russia ü§úü§õüáµüá≠

Nag-courtesy call kay Pang. Rodrigo Duterte si Ambassador of the Republic of the Russian Federation to the Philippines, H.E. Marat Pavlov nitong Hunyo 13, 2022. #resibo 

üì∑ SMNI News"
289,2022-06-15 05:23:31+00:00,31milmovement,Maraming maraming #SalamatPRRD ü§úü§õ
290,2022-06-15 03:55:49+00:00,melvinanglo,Hayyy Pinas! Laki ng pagbabago mo! #DuterteLegacy
291,2022-06-14 18:29:35+00:00,alingtacing,"We are not celebrating ""over an inch of sand"" like what some people are saying. YES we are HAPPY for the opening of the Dolomite Beach because finally the Manila Bay is being fixed. It is far from perfect but it's a start. 
#ThankYouPRRD 
#DuterteLegacy üëäüèºüáµüá≠"
292,2022-06-14 05:14:23+00:00,donutada2021,Duterte administration's greatest legacy is CREDIT-GRABBING üëèüèª‚úä #DuterteLegacy
293,2022-06-13 15:24:21+00:00,babytreze1331,PRRD as most Filipinos refer to outgoing President Rodrigo Roa Duterte may not have eradicated corruption and drugs completely in his 6 years term but did a damned well great job in getting rid most of it. BBB shows us it can be done! #SalamatPRRD üëäüáµüá≠
294,2022-06-13 06:48:28+00:00,cristonteveros,Ngayon ko lang na batid at napansin. first time ko nasilayan sa Tiktok ang paglipad ng Philippine AirForce ng mga Airplane assets nila. Since late Feedinand Marcos pa  yata silang huling lumipad para mag pakita ng air maneuver at mga stunts nila. #airforcePh #DuterteLegacy
295,2022-06-13 03:18:53+00:00,bssMagic24,"Na pansin nyo ba 
Na ngayon Lang nabuhay ang celebration ng Independence Day ng dahil May Presidente nagmamalasakit sa üáµüá≠
#SalamatPRRD"
296,2022-06-13 00:50:05+00:00,PererasJudah,"Never give up the fight against drug! - PRRD

#DuterteLegacy 
#SalamatPRRD"
297,2022-06-13 00:21:55+00:00,31milmovement,"#savethedate
June 26
Magbigay pugay tayo kay #SalamatPRRD 
ü§úü§õüáµüá≠"
298,2022-06-12 14:59:22+00:00,Bongtothemax,"Gusto ko lang pasalamatan si President Rodrigo Roa Duterte sa kagalingan niya at pagmamahal niya sa atin at sa bansa natin, diman siya perpekto pero naipamalas niya ang kanyang galing at katahimikan sa ating bansa..
Mabuhay ka aming presidente!!
#DuterteLegacy"
299,2022-06-12 13:19:41+00:00,dlazareo,ilang days nalang si PRRD üëä #SalamatPRRD
300,2022-06-12 08:25:55+00:00,batangmunti_,"#SalamatPRRD for reviving PNR and boosting our Railway System capability with the MM Subway Project, and the PH Railway Institute. I don't mind paying my taxes basta nakikita ng taong bayan ang pagbabago."
301,2022-06-12 04:31:12+00:00,kahector4,"#SalamatPRRD 

On June 30, babaha ng luha sa Twitter, as we say farewell to the best president we ever have."
302,2022-06-12 01:31:16+00:00,rocktheboat008,"You might be the oldest president of the Philippines but for me your the wisest and most caring leader 
We love you tatay Digong 
#DuterteLegacy"
303,2022-06-11 16:34:16+00:00,Owing22Owing,"Buti pa si Tatay Digong, inaantabayanan ang motorcade niya. Samantalang ang Nanay Leni nila, walang nakapila. ü§≠ü§≠ü§≠
#SalamatPRRD"
304,2022-06-10 23:06:02+00:00,tyroford,"Akala ko tapos na ang laban sa ZTE deal... nakulong pa ang whistle blower na si jun lozada, tapos ung mga kawatan pinakawalan ng digong nyu... punyetang bansa to.. pumapabor lagi sa nakaupong presidente. #DuterteLegacy"
305,2022-06-10 05:06:45+00:00,I_kibot,#SalamatPRRD ...wala talaga akong masabi. You set the bar so high. Ibang klase ka talaga. di ka namin malilimutan. May God bless you always!
306,2022-06-10 01:53:19+00:00,DonM1976,‚Äúserve the underserved and the world will repay you‚Äù this is how i see the PRRD  leadership that carried on to the new admin with the promise to continue what daddy Digs started üíö‚ù§Ô∏èüëäüèª‚úåüèº‚úäüèª. #DuterteLegacy
307,2022-06-10 01:48:28+00:00,rocktheboat008,"Masaya ako para kay PRRD makakauwi sya ng Davao na walang iniisip na kahit anong problema yun naman gusto nating mga DDS ang makapagretire sya na masaya at kasama pamilya nya 
#DuterteLegacy 20 days
Nalulungkot tlaga ako"
308,2022-06-09 13:56:51+00:00,lesurtouwi,"thank u PRRD 4 the libreng sakay T-T andami ko na pong beses na naka sakay don &lt;3

#DuterteLegacy"
309,2022-06-09 07:22:54+00:00,racsyourworld,"daddy duts, since extended na po ang validity ng passport, driver's license, even birth certificates.. baka pwede pong i-extend na rin validity ng postal id.. #SalamatPRRD"
310,2022-06-09 04:11:47+00:00,mariajosefaimee,My words can't explain how grateful I am that PRRD became our president üëä‚úåÔ∏èüíö‚ù§Ô∏è PRRD you are one of the best Leader na naabutan ko Salamat tay! #Prrd #PresidentDuterte #DuterteLegacy
311,2022-06-09 00:52:20+00:00,LouiePe4,"Rode on the ""Libreng Sakay"" program of DOTR for a couple of months now and damn what a conveniet service it is. #dotrlibrengsakay #DuterteLegacy"
312,2022-06-08 21:01:51+00:00,shafg,"Passport Renewal done yesterday in less than 30 minutes! Kudos to the DFA ASEANA for the fast and prompt service! üéâüéâüéâ
#DuterteLegacy"
313,2022-06-07 23:52:52+00:00,IndayM28,"MRT3 Unloading Incidents:
2015: 417 
2016: 586 
2017: 463
2018: 57 
2019: 28
July 2020 to-date: 0

Khit nung naupo si PRRD sumakit din yta ulo jan lalo na ng ibigay problema kay Sec.Tugade. At Voila! Pinatunayan lang sa gobyernong totoo, serbisyo ay totoo rin! ‚ù§Ô∏è #DuterteLegacy"
314,2022-06-07 10:54:59+00:00,glaced2perfexn,"‚ÄúBalik Probinsya, Bagong Pag-asa‚Äù
~one of Duterte Admin‚Äôs initiatives aimed 2 decongest Metro Manila. To date, the B2P program has benefited over 700 individuals mostly informal settlers who opted 4 a fresh start in their respective provinces. #DuterteLegacy"
315,2022-06-07 09:13:26+00:00,JoelDuque,"In times of war, a real victim must be a non-combatant. During President Duterte's drug war in the Philippines, he empowered the police to fully carry out their duties and defend their lives--even to the death. #salamatprrd #philippines #drugwar"
316,2022-06-07 02:27:29+00:00,badbadzmaruu,"PRRD has touched many lives of the Filipinos. kahit walang balita mashado from MSM about his good governance. buti madami nang ways na malaman ang mga nagawang maganda ni PRRD sa pilipinas. üëäüëäüëä
#salamatprrd"
317,2022-06-03 11:50:49+00:00,KMfernandez12,"In Davao, PRRD signed an anti-discrimination ordinance to protect the rights of all class. Now what you have done to Sass, Church of GOD of Dasmari√±as!You‚Äôre worse than that uncouth old man you were accusing of!üôÑ

#Respect 
#NOtoDISCRIMINATION
#DuterteLegacy"
318,2022-06-03 10:39:32+00:00,glaced2perfexn,"In Davao, PRRD signed an anti-discrimination ordinance to protect the rights of all class. Now what you have done to Sass, Church of GOD of Dasmari√±as!You‚Äôre worse than that uncouth old man you were accusing of!üôÑ

#Respect 
#NOtoDISCRIMINATION
#DuterteLegacy"
319,2022-06-01 22:29:36+00:00,mongramosjr,"119 #BuildBuildBuild big-ticket projects were approved:

23 projects completed

17 projects to be completed this 2022

51 ongoing projects for completion this 2023 and beyond

27 for contract awarding.

#DuterteLegacy 

P.S.
Data as of May 12, 2021
Excluding NoyNoy 12 PPP proj"
320,2022-06-01 21:57:43+00:00,flocs_82,We all gonna miss you being our Philippine president. #salamatprrd
321,2022-06-01 18:27:26+00:00,botong_29,#SalamatPRRD
322,2022-06-01 18:02:58+00:00,gloria_pacquing,#DuterteLegacy drug on war 100% success thanks God
323,2022-06-01 18:01:52+00:00,gloria_pacquing,#Dutertelegacy the best DuterteAdministrationition
324,2022-06-01 13:16:32+00:00,lloyddotph,#SalamatPRRD para sa Anti-Drug War. Pinatumbo ninyo mga malalaking drug lords and shabu has been reduced to the minimum that they are no longer rampant as before.
325,2022-05-30 04:00:37+00:00,Bongtothemax,"#DuterteLegacy Build!build! build project,drugs on war,ban deployment ofw to middle east,naming corrupt politicians on national Television,salary increased to our police and soldiers officers,passport 10 years validity etc..

The best president in the Philippine History..
PRRD"
326,2021-11-06 14:31:26+00:00,bubblyluchz,"At least those who can't afford Ubec or Bora can experience a decent beach instead of traveling to Batangas or Galera pa.

#ManilaBayDolomiteBeach
#DuterteLegacy üëäüèºüëäüèºüáµüá≠üáµüá≠ puede pala noh!?

Nga-nga na ang mainstream media!
Impas ang detractors."
327,2021-10-30 08:35:19+00:00,IANCUOfficial1,"problemado man tayo since 2016,DRUGS,Oligarchs,NPA,nilinis pa ManilaBAY/Boracay,at yung Build3x pa, KAYA NAMAN PALA,tas yung iba REKLAMO pa eh di nga magawa ng mga KAANIB nyo dati na linisin man lang ang MANILA BAY, may gana pa kayong tumahol? kapalmuks NYO OI! #DuterteLegacy"
328,2021-10-17 09:52:02+00:00,RyanLingo_,"After criticizing Dolomite Beach and it turns out enjoying the beautiful sunrise and sunset without garbage to be seen. And now, they're criticizing PAREX project, which is so many people benefited if it's finished. Mga hangal lang? #buildbuildbuild #DuterteLegacy"
329,2021-10-03 05:24:50+00:00,rexvi__,#SalamatPRRD for Thanos-ing the Philippines. Pati salamat sa Manila Baywalk Dolomite Beach.
330,2022-08-15 07:37:32+00:00,PhilipP77125423,"#DuterteLegacy EXPOSING The lying lawyer &amp; ex sitting VP Leni Robredo who encouraged the acceptance of bribes from votebuying, trying to hinder sinovac which is saving millions now, bypassing our legal system through her UN Video and so many more..."
331,2022-08-13 07:21:52+00:00,31milmovement,"THE MOST OG PRESIDENT EVER üí™üòéüí™

#TatakDuterte #SalamatPRRD

Join The 31 Million Movement"
332,2022-07-26 20:37:07+00:00,RosalJaneRuda,"One of the things that I really appreciated that started in PDU30's time was the shift away from the media blitz and fanfare that came with SONA ""fashion"". I could remember before how much fuss there was on who gets to where ""who"" prior to the event.

#DuterteLegacy 
#SONA2022"
333,2022-07-22 21:21:57+00:00,31milmovement,"THEN vs NOW üòÆ

GANITO ANG #TatakDuterte #DuterteLegacy 

#SalamatPRRD üôèüôèüôè

üì∑ CTTO"
334,2022-07-21 01:56:03+00:00,NoShoestofill,"Irandom drug test niyo mga facilitator ng Government Rehabilitation centers gaya ng DOH TREATMENT REHABILITATION CENTER baka may matsambahan kayong ADIK.
#AntiDrugCampaign 
#DrugFreeSociety 
#illegalgrugs 
#DRUGS 
#dutertelegacy"
335,2022-07-20 21:44:27+00:00,NoShoestofill,"Irandom drug test niyo mga facilitator ng Government Rehabilitation centers gaya ng TAGAYTAY REHABILITATION CENTER baka may matsambahan kayong ADIK.
#AntiDrugCampaign 
#DrugFreeSociety 
#illegalgrugs 
#DRUGS 
#dutertelegacy"
336,2022-07-18 18:21:20+00:00,31milmovement,"Salamat Tatay Digong sa lahat ng inyong ginawa para sa aming kapakanan at kaligtasan. We are forever grateful üôè

Deserve mo yan. #salamatPRRD"
337,2022-07-18 07:21:42+00:00,allanjacob_mt,"‚ÄúAno ang nagawa ko sa buhay ko‚Ä¶ganoon ang‚Ä¶‚Äù

Nakakangulid ng luha marinig itong mamutawi sa labi ng dating Pangulong Duterte. ü•≤ü•≤ü•≤

#SalamatPRRD"
338,2022-07-17 21:36:11+00:00,bubblyluchz,"1. He was given a farewell party organized by private citizens 
2. #SalamatPRRD book üìö was created still by private individuals effort 
3. In relation to 2, this expensive watch ‚åö was gifted. 

‚ò∫Ô∏è Truly loved and respected. üáµüá≠
We know too well who disagrees. üéóÔ∏èüéÄü§£"
339,2022-07-17 06:21:30+00:00,31milmovement,"#SalamatPRRD #DuterteLegacy

Join The 31 Million Movement"
340,2022-07-17 05:21:20+00:00,31milmovement,"We are forever grateful to PRRD #SalamatPRRD.

Follow CastielVlog"
341,2022-07-16 06:47:49+00:00,BadongBadongski,Counterpart ba ng Salagubang natin ay Scarab ng Egypt?Diba parang Evil symbol ung Scarab sa folklore? Just asking. #SalamatPRRD
342,2022-07-15 19:46:35+00:00,benzcruz,Lot of peeps do not know‚Ä¶ how good they had it with Duterte‚Ä¶ #dutertelegacy
343,2022-07-15 11:21:20+00:00,31milmovement,"WE MISS YOU TATAY D üò™

Tatay Digong enjoying his life as a regular citizen and we are here for it. 

We will always pray for his good health, long life and happiness. ‚ù§üôè‚ù§

#SalamatPRRD 

The 31 Million Movement"
344,2022-07-15 08:13:10+00:00,Concom80578209,"#SalamatPRRD 

Sa successful NTF ELCAC 

Under your watch halos tapos na ang problem sa CPP-NPA-NDF.   Sana ma-guide nang tama si PBBM.   SANA IBALIK ANG PONDO BAGO TINAPYASAN. 

@DawnZpost   @bongbongmarcos 
@indaysara  @smninews 
@sandromarcos7"
345,2022-07-15 06:21:19+00:00,31milmovement,"PUWEDE NA PALA MAGMOTOR SA CCLEX, THE LONGEST BRIDGE IN THE PHILLIPINES. üòç

#SalamatPRRD #DuterteLegacy #BangonTurismo 

üì∑ CCLEX FB PAGE

The 31 Million Movement 
Visit The Philippines üáµüá≠"
346,2022-07-14 17:21:29+00:00,31milmovement,"SUBUKAN LANG NILA IFACTCHECK THIS. 

#DuterteLegacy 

Boracay DESERVES this recognition. All it takes is the political will of Former President Rody Duterte to clean up the whole island. ü§úü§õ 

Definitely a BIG WIN for the country. This will bring in more tourists. #bangonTuri‚Ä¶"
347,2022-07-14 14:22:01+00:00,31milmovement,"MANILA BAY 2014 VS MANILA BAY NOW

#SalamatPRRD #DuterteLegacy

üì∑ CTTO

The 31 Million Movement"
348,2022-07-13 04:21:25+00:00,31milmovement,"#overheard
A PH Passport Holder can now visit Israel without a visa? 
üáµüá≠üáÆüá±
#marcoslegacy #SalamatPRRD"
349,2022-07-13 04:02:19+00:00,Concom80578209,"Thank you,  Dr Lorraine Badoy! 

#MaineMendoza  | @mainedcm 
@bongbongmarcos 
@indaysara 
@sandromarcos7 
@DawnZpost 

#SalamatPRRD"
350,2022-07-13 03:56:55+00:00,Concom80578209,"Totoo po bang tulad ng npa,  si nsa prof clarita carlos ay atheist? 

@bongbongmarcos 
@PHCitizenLady
@indaysara 
@sandromarcos7 
@DawnZpost 

#PBBMSuceed
#SalamatPRRD 
#MaineMendoza | @mainedcm"
351,2022-07-12 23:21:38+00:00,31milmovement,"THIS IS NOT TSISMIS: HIGHEST APPROVAL RATING IN PH HISTORY

#DuterteLegacy #salamatPRRD

In June 2022 Pulse Asia Ulat ng Bayan Surveys, Rody Duterte got

‚úÖ 87% Trust Rating

üì∑ Pulse Asia Research Inc."
352,2022-07-12 17:21:53+00:00,31milmovement,#salamatPRRD #DuterteLegacy
353,2022-07-12 13:20:57+00:00,Cessamestreeet,DUTERTE APPROVAL RATING HIGHEST IN PH HISTORY   AND HIGHER THAN OTHER WORLD LEADERS SA END OF TERM APPROVAL RATINGS NILA ‚ù§‚ù§ #Dutertelegacy
354,2022-07-11 14:21:48+00:00,31milmovement,"Stay healthy and enjoy life Tatay Digong. ü§úü§õ

#SalamatPRRD 

The 31 Million Movement"
355,2022-07-10 09:41:28+00:00,Padredamaso2021,Kaya natalo si @lenirobredo kasi supporters nya ang tatalino sya lang ang Hindi. #NasaanAngPangulo #NasaanAngVP  #MAIDinMALACANANG #lenilutang #SalamatPRRD #SriLanka
356,2022-07-09 15:04:13+00:00,Johanna83310496,"Maybe... Pres. Rody Duterte term is ended, but his legacy lives on.

The new Amai Pakpak Medical Center (APMC) Marawi City.

#DuterteLegacy
#TheNewMarawi"
357,2022-07-08 19:21:08+00:00,31milmovement,"Cebu-Cordova Link Expressway (CCLEX), the longest bridge in the Philippines

#DuterteLegacy #TatakDuterte #SalamatPRRD

üì∑ CTTO"
358,2022-07-08 11:21:04+00:00,31milmovement,"ONCE UPON A TIME IN DAVAO CITY

2017 throwback pics sa pag bisita ng dating Prime Minster ng Japan na si Shinzo Abe sa bahay ni dating pangulong Rody Duterte.

Rest in Peace Shinzo Abe. Condolences to the people of Japan. üáØüáµ

#DuterteLegacy

üì∑ Bong Go"
359,2022-07-07 11:33:28+00:00,njmldt,"The DDS in me always think this way whenever a new policy or move is taken by PBBM: 

‚ÄúWhat would Duterte (PRRD) do?‚Äù 

Sepanx is realz. #SalamatPRRD"
360,2022-07-06 23:20:26+00:00,iceburntear,"May hang-ups padin. Nakakamiss po kayo former PRRD! üëäüáµüá≠‚ù§Ô∏è

#OrdinaryCitizenRody #SalamatPRRD"
361,2022-07-06 12:28:52+00:00,aPontDarc,"Before Filipinos revere another leader of another country, let's give it to the true good leaders of the Philippines like FEM &amp; PRRD. And now, for PBBM.

#SalamatMarcosSr
#SalamatPRRD
#SalamatPBBM dahil kayo po ang Presidente namin sa kasalukuyan @bongbongmarcos 
@marcosdaily_ph"
362,2022-07-06 07:21:36+00:00,31milmovement,"#DuterteLegacy ü§úü§õ

Join The 31 Million Movement"
363,2022-07-06 04:43:17+00:00,mst_frd,"So far BBM was right, inflation is fake, gas prices are fake. He should held those gasoline suppliers accountable for the price hike of all products. BBM make gas prices low. Also make rice available for 20 pesos per kg now. #31M #DuterteLegacy #inflationart"
364,2022-07-06 02:21:31+00:00,31milmovement,üòÆüòÆüòÆ #SalamatPRRD
365,2022-07-06 00:54:41+00:00,IradielLuvsYu,#salamatprrd
366,2022-07-05 14:10:46+00:00,isabelmerana,"Maring Winnie Monsod said that the president should not only focus his energy on the Agriculture Dept. 

Sa dami ng krisis na iniwan ni Duterte, BBM should oversee everything in government! 

#dutertelegacy"
367,2022-07-05 05:40:25+00:00,FhqJackie,Hallleuia i renewed my Drivers License today with a 10yrs validity.üëèüëèüòÖü•∞The 10-year driver's license can be issued to motorists with no demerit points on their driving record or who have not committed any violation of the Land Transportation and Traffic Code. #dutertelegacy üëä
368,2022-07-05 02:53:17+00:00,BadongBadongski,Why glorify someone insignificant? let NTF-ELCAC handle her NGA. What PBBM needs to do is support Baduy. #SalamatPRRD
369,2022-07-05 02:21:48+00:00,31milmovement,#SalamatPRRD
370,2022-07-05 01:18:52+00:00,Maezzieddygmai1,"Im not against bbm, i actualy voted for him and im glad he won. Though i must say na ""Ngaun lng ako nakaramdam ng lungkot na may bumabang presidente"". PRRD is the best president in my generation as of the moment. #SalamatPRRD"
371,2022-07-04 19:44:15+00:00,Jjcruz2,"Day 5: #SalamatPRRD 

May addict pa ba sa lugar nyo? ‚ÄòWag sana magrelax ang PDEA sa #WarOnDrugs , pagkat drugs ang pinaka samut-saring sanhi ng krimen.  

Good morning. kape na tayo, yung matapang tapang! ‚òïÔ∏èüëä"
372,2022-07-04 07:35:01+00:00,Johanna83310496,"Kids will always think they're cool for being rebellious. Hopefully they will learn better as they get older. God bless our nation. 

#SalamatPRRD 
#GodblessPBBM"
373,2022-07-04 06:03:04+00:00,ManuelPSev,"It is so heartwarming that we see several video tributes from the people closest to PRRD that makes one cry üò¢ an overload of tears‚Ä¶

Mr. President, you are one of a kind. Thank you for your service! Your people are right. 6 yrs is too short for your leadership.

#SalamatPRRD"
374,2022-07-04 02:33:19+00:00,iceburntear,"We miss you Tatay Digs! üëä‚ù§Ô∏èüáµüá≠
#SalamatPRRD"
375,2022-07-03 19:45:49+00:00,Jjcruz2,"Day 4: #SalamatPRRD 

Yung mga daddy jan, nakapagpalit nba ng diaper at nakapagpadede nba kayo? ü§≠

Good morning twitterverse! Tara, kape na tayo! Cheers!‚òïÔ∏èüëä"
376,2022-07-03 08:24:32+00:00,fictionalgalore,#SalamatPRRD   I'm not saying #SalamatVPLeni  kasi... I view her differently.
377,2022-07-03 07:38:05+00:00,GTXCRYP,"PRES.DUTERTE LANG SAKALAM üí™üèøüí™üèøüí™üèø

#DUTERTELEGACY #THANKYOUMRPRESIDENT"
378,2022-07-02 20:21:43+00:00,31milmovement,"Former President Rody Duterte now enjoying his time as a regular citizen but still with 0 pretension and 0 fanfare.

‚ù§ #SalamatPRRD"
379,2022-07-02 18:49:21+00:00,raymundpaul_m,"Salamat PrrD, to the Marcose‚Äôs Please huwag nyo kaming bibiguin‚ù§Ô∏è

#SalamatPRRD 
#oneofthe31Million ‚ù§Ô∏è
#Uniteam"
380,2022-07-02 07:36:56+00:00,prettyboilocoo,#SalamatPRRD #MabuhayPBBM üáµüá≠‚úåüèªüëäüèª
381,2022-07-02 06:09:46+00:00,bleedforme333,"Salamat, PRRD! üëäü•≤üáµüá≠‚ù§Ô∏è‚ù§Ô∏è‚ù§Ô∏è

#SalamatPRRD"
382,2022-07-02 02:20:26+00:00,patcgonz,"I can feel the changes in me‚Ä¶now that PRRD is no longer our president, hindi nako ganun ka interested to see the news, naeexcite lang ako pag may news update about PRRDüòÉüòÑ. 
haha ako lang ba? iba talaga impact ni PRRD. #highlyrespectable #salamatPRRD"
383,2022-07-02 01:23:26+00:00,Jjcruz2,"Day 2: #SalamatPRRD 

Wala bang latest update ke daddy Rodrigo, Paki check nga kung nakapag kape na sya? Ako na magttimpla! ‚òïÔ∏è‚ù§Ô∏è"
384,2022-07-02 00:26:40+00:00,reyjuico,"Hindi pa rin ako maka-get over sa parada ng  AFP, PNP, PCG, Frontliners, at lahat ng public servants na ipinakita ang ating kalakasan ng ating armed forces at kakayanan ng ating mga frontliners at public servants. #SalamatPRRD #BBMInauguration"
385,2022-07-02 00:11:33+00:00,SpearRoan,#SalamatPRRD
386,2022-07-01 16:43:35+00:00,ali_thestorm,"Former PRRD once said : "" nobody can question my  love of  country. Do not f**** with our  children and my country. Sisirain mo ang Bayan ko? P***** ina pag ginawa mo yan, papatayin kita.

#SalamatPRRD"
387,2022-07-01 11:44:29+00:00,njmldt,"I refrain from watching videos about PRRD‚Äôs departure from the Presidency and anything about paying tribute to him. 

Lalo lang akong nalulungkot. ü•∫ü•∫ü•∫ 

#SalamatPRRD üëäüèºüáµüá≠ü•∫"
388,2022-07-01 11:32:06+00:00,yanzkieu8,Thank you so much Mr. Tatay Digong ‚ù§Ô∏è #SalamatPRRD
389,2022-07-01 11:14:54+00:00,_jeiann,Unti-untiin ang inis. 6 years 'yan.#MarcosInaugural #SalamatPRRD
390,2022-07-01 07:11:46+00:00,adoin_ice,"Kung d lang tlga c PBBM ang pumalit ky PRRD, sobrang lungkot ko tlga siguro sa pgbaba ni tatay DIgs sa pwesto,, HE's the best president i ever had,  mkakatulog nrin xa ng maayos nowüòä
#SalamatPRRD 
And thank you for giving us VP SARA‚ù§‚ù§‚ù§"
391,2022-07-01 06:33:48+00:00,bikolcwchrncls,"The Duterte administration left the Filipinos vital infrastractures and security that the next admin can focus more on other things (agro and edu). Partida pa yan sabi ng kabilang kubol na fenks patulog-tulog pa si Tatay Digz nian.  

#SalamatPRRD 
#indipamakamoveon"
392,2022-07-01 06:18:19+00:00,bikolcwchrncls,"Miss ko na ang pambansang Marites PRRD! Mukhang mahaba-habang sepanx ang mangyayari. 

#SalamatPRRD"
393,2022-07-01 06:14:38+00:00,kwikwik,"Triggered yung isang frnd ko na ni minsan hindi ng like sa posts ko, but when she saw my post of #SalamatPRRD with me and PRRD's selfie, biglang  ng nega comment!ü§≠"
394,2022-07-01 06:04:32+00:00,Bongtothemax,"Sinabi ni President Duterte na suportahan l natin si President Ferdinand Bongbong Marcos..

Doon sa mga haters anim na taon kayong kakain ng ampalaya..ü§£ü§£ü§£

#SalamatPRRD 
#MarcosPaRin"
395,2022-07-01 03:42:28+00:00,pagpikontalo,"Masanay na tayo 6 years yan sila tulad kay PRRD pero ano nangyare? natanggal ba sa pwesto si tatay digz? marami tayo nga loyalists mayayabang mga yan wala naman sa kalahati ang boto ng nanay nila. ü§£ü§£

#OurPresidentMarcosJr 
#SalamatPRRD"
396,2022-07-01 03:40:00+00:00,pagpikontalo,"Oy mga inggit mag h-hate na nga lang kayo about sa relo ni PBBM paiba-iba pa ng price 'yung iba 14M 'yung iba 20M+, mga boang! baka naman kase relo niyo 'yung umiilaw tas may lalabas na characters.

#OurPresidentMarcosJr 
#SalamatPRRD"
397,2022-07-01 03:32:36+00:00,pagpikontalo,"NYARE SA CRAPPLER WALA NA 'YUNG FAMOUS LINE NILA NA ANAK NG DIKTADOR ü§£ ANO NAKAIN NIYO ü§£ü§£

#Crappler
#ShutDownRappler
#OurPresidentMarcosJr 
#SalamatPRRD"
398,2022-07-01 03:31:45+00:00,pagpikontalo,"mga nagtatarabaho kasama si PRRD naiiyak sa pag alis niya samantala mga palamunin sa bahay na puro reklamo galit na galit kay tatay digz hahahah mga buang!

#SalamatPRRD
#OurPresidentMarcosJr"
399,2022-07-01 03:29:57+00:00,mdzsanflo,One thing that struck me the most in the #PBBMInauguration was the marching/civic parade of the Philippine Military! May ganun pala tayo? #SalamatPRRD kaya naman pala! ‚ô•Ô∏è
400,2022-07-01 03:29:47+00:00,pagpikontalo,"Tuwang-tuwa mga taga Davao makakauwi na ulit si tatay digz ‚ù§Ô∏èü•∫

#SalamatPRRD
#OurPresidentMarcosJr"
401,2022-07-01 03:12:06+00:00,njmldt,Sepanx is real. #SalamatPRRD ü•∫ü•∫ü•∫
402,2022-07-01 03:02:42+00:00,akosidaniellehe,"Napaka swerte ng Davao City, kasi nandoon na si Former President Duterte. #SalamatPRRD"
403,2022-07-01 02:41:50+00:00,MV14675766,#SalamatPRRD
404,2022-07-01 02:35:40+00:00,king_lutherio,"you‚Äôd know that he is really a good president if the people around him who have actual physical interaction with him starts to get emotional and cry during his send off. Thank you, PRRD. üáµüá≠
#SalamatPRRD"
405,2022-07-01 02:10:46+00:00,Syarmeyn,Ended his term with so much love from the Filipino people.‚ô•Ô∏è Di ako nagsisisi na ikaw ang naging Presidente ko. üëä #SalamatPRRD
406,2022-07-01 02:08:10+00:00,Imaeklove,"Kung sa ako ra, kagana pa ipa extend ni PRRD saija serbisyo sa nasod pero tiguyang na sija need na nja magpahuway panerbisyo. Grabe nimo kalisod ilet go tay!!! Sobra amo pasalamat karajaw na nag ingkod kaw for last 6 years sa Pilipinas. I love you tay! ‚ù§Ô∏è #DuterteLegacy"
407,2022-07-01 01:44:18+00:00,farfetch2021,"Good morning Pilipinas , 
1day  of july 
una araw ng Bagong Pangulo at Pangalawang  Pangulo 

#BagongPilipinas x #BagongMukha 

#SalamatPRRD  x We missed you"
408,2022-07-01 01:27:45+00:00,Mhazeng,"2 am na 'ko natulog s'yempre bago ako matulog nanalangin muna hindi 'ko na mapigilan umiyak kagabi dahil kay tatay digong first time 'kong umiyak na naabutan 'ko pinaka magaling na president kahit hindi perpekto üò≠ I lovee you tatay digong mag-iingat ka po palagiü§ç

#SalamatPRRD"
409,2022-07-01 01:08:58+00:00,iceburntear,"Former President Rodrigo Roa Duterte.

May hang-ups pa. Ang hirap bigkasin ung ""former"". Nakakalungkot pero he deserves this well-earned rest. 
üëä‚ù§Ô∏èüáµüá≠

#SalamatPRRD"
410,2022-07-01 00:36:42+00:00,Brokeafnana,Iba lasa ng hangin ngayon dito sa Pinas HAHAHAHA Lasang magkasundo yung Pres. and V. Pres. üòÜ‚ô•Ô∏èüíö #SalamatPRRD #BBMxSara
411,2022-07-01 00:01:07+00:00,sherrih_xx,All these #SalamatPRRD and PRRD Homecoming videos makes me sob this early in the morning. üò≠üò≠üò≠
412,2022-06-30 23:37:44+00:00,AdreanBastian,#SalamatPRRD
413,2022-06-30 23:29:45+00:00,Jjcruz2,"Good morning mga kaDDS‚Ä¶ and to our  former President Rodrigo Duterte!üëä

Kmusta na nman kaya ang tulog ni daddy Rodrigo as private citizen?ü§î

Tara‚Ä¶ Kape na tayo! Cheers!‚òïÔ∏è

#SalamatPRRD"
414,2022-06-30 23:28:16+00:00,stupidjamesss,#SalamatPRRD
415,2022-06-30 23:21:32+00:00,31milmovement,"#SalamatPRRD

A message for our Former President, Rody Duterte.

Thank you PRRD for teaching us selflessness and love for the country. üáµüá≠

We pray for your good health. We pray that you will have a strong &amp; vigorous body and mind as you live out the next chapter of your life‚Ä¶"
416,2022-06-30 23:11:24+00:00,pluvii0phiile,#SalamatPRRD ü•∫
417,2022-06-30 23:10:03+00:00,spartacusfilip,"You're 16th but no. 1 in my book.
#SalamatPRRD

Now, lets all hope the best is yet to come, papunta pa lang tayo sa exciting na part. 17th

#PBBM"
418,2022-06-30 21:50:32+00:00,xnrchmy,"#SalamatPRRD 

Sorry sa hindi relate ü§£"
419,2022-06-30 17:57:24+00:00,thefonsiregino,"Thank You, PRRD.
The Country thanks you for your honest and upright presidentship.
#SalamatPRRD"
420,2022-06-30 17:56:41+00:00,omgitshelowis,"#SalamatPRRD lahat ng kilala kong adik, nagbago at maayos na ang buhay ngayon üôè"
421,2022-06-30 17:37:05+00:00,AnneEstorco,#SalamatPRRD #BestPresidentEver
422,2022-06-30 17:31:14+00:00,bluebean_b,"Thank u tatay digs ü´°
#DuterteLegacy"
423,2022-06-30 16:29:48+00:00,robieqttt,"hindi perpekto ang administrasyon at pamamahala, subalit madaming nagawa para sa bayan. #SalamatPRRD"
424,2022-06-30 15:35:22+00:00,Darunni,"I'm one of the 31M! Congrats #OurPresidentMarcosJr ! If you're an anti Marcos you can just block and unsub to my series.
also, #SalamatPRRD"
425,2022-06-30 15:34:30+00:00,AMatocinos,Ambilis ng 6 years. 6 years kaming satisfied sa performance mo as a leader. Thank you #PRRD ü•∫ for a job well done. #DuterteLegacy
426,2022-06-30 15:33:22+00:00,Yannayaneh,bi ang manhid mo naman kung di mo aaminin na may pagbabago talaga sa term ni PRRD or selective ka lang talaga kasi hate mo sya hahahahaha #SalamatPRRD #MagalitKaHanggangMamatayKa
427,2022-06-30 15:14:35+00:00,charleneReyes23,#SalamatPRRD #OurPresidentMarcosJr
428,2022-06-30 15:06:13+00:00,ProudBabyM_,ako lang ba yung proud na proud at amaze na amaze habang pinapanood ng paulit ulit yung mga parada ng Military? üáµüá≠ *kakilabot literal* #SalamatPRRD ‚ù§Ô∏è
429,2022-06-30 15:00:46+00:00,16nnyl,"#SalamatPRRD ‚ù§Ô∏è‚ù§Ô∏è‚ù§Ô∏è
Welcome home PBBM for the next 6 years..May God bless and protect you all the time so that you can be of service to the Filipinos and more...‚ù§Ô∏èüáµüá≠üôè"
430,2022-06-30 14:38:17+00:00,y3tskie21,"3 Presidential Elections panalo binoto ko. Yes I voted for PNOY, PRRD and PBBM. Nung bumababa sa pwesto si PNOY sabi ko ""hay salamat"" with a tone of dissapointment. Ngaun ""Salamat PRRD!"" n may panghihinayang, kung pwede lang talaga umulit iboboto ko ulit si Tatay D. #SalamatPRRD"
431,2022-06-30 14:31:24+00:00,sailormelo,"Fair analysis from a German researcher, Peter Kreuzer of Peace Research Institute Frankfurt. 

""support for Duterte rests on three pillars: his leadership per- sona is clearly within the bandwidth of culturally appropriate role models for local politics...""

#SalamatPRRD"
432,2022-06-30 14:31:01+00:00,OhInJoocell,Tatay Digong is in NCCC Vplaza for the #SalamatPRRD üò≠üíñ
433,2022-06-30 14:30:57+00:00,bubblyluchz,"Nothing like this from PNoy to PRRD coz that time naku po what assets did we have!

#SalamatPRRD üáµüá≠üéºüé∂

Impressive preparations. ‚úîÔ∏è
Hoping for the best coz we deserve it.
The pride and regard to as CITIZENS during FEM came back in DU30. Simple he stood up for us esp OFWs."
434,2022-06-30 14:09:55+00:00,njmldt,"That small parting talk of PRRD to the honor guard is very telling of how he served as President. He was really ‚Äòone of us‚Äô. 

Bwisit!!! Naiiyak pa din ako! ü•∫üëäüèºüáµüá≠ 

#SalamatPRRD"
435,2022-06-30 14:00:12+00:00,putanginamooo14,"#SalamatPRRD
Maraming salamat sa pag protekta at sa pag aalaga sa pilipinas mabuhay ka mahal na pangulo..
#SalamatPRRD"
436,2022-06-30 13:50:43+00:00,james_romualdez,"Congratulations to the former president, Rodrigo Duterte, on his final approval rating of 75%. The highest that can one attain for the president who is leaving the seat.
#DuterteLegacy
#SalamatPRRD
#CitizenRody"
437,2022-06-30 13:49:02+00:00,Scarleth_Goe,"TAPANG sa UYABü§£
MALASAKIT ug dili maabtag ASAWAü§™...HAHAHAHAüòÖüòÖüòÖ...

-TATAY DIGONG
#HomeComingConcertInDavao
#SalamatPRRD 
#TapangAtMalasakit"
438,2022-06-30 13:11:19+00:00,itsmeeeeAA,Maka hilak lage ang mga vid about kay PRRD ayy ü•πü•π #salamatPRRD
439,2022-06-30 13:00:04+00:00,bubblyluchz,"Bongga mi #SalamatPRRD concert in MNL organized by private citizens mind you!
Now in Davao naman as homecoming welcome. Oha!

Y didn't kakamPINKs do so for their beloved VP? Speaks volume no."
440,2022-06-30 12:52:58+00:00,magiexcerpt,Thank you #TatayDigong for being our strength &amp; hope for a better Philippines. You will always be #MyPresident ‚ù§Ô∏è #DuterteLegacy #PRRD #Du30 #PresidentDuterte #RodrigoRoaDuterte
441,2022-06-30 12:48:34+00:00,_lhsxqrs,#SalamatPRRD mamimiss ka po namin üòäüòä
442,2022-06-30 12:41:48+00:00,IndayM28,"Ngayon ko lang napansin, naiyak din pala si PBBM nang magpasalamat si PRRD sa military honor sa kanya. ü•∫üò¢
#SalamatPRRD"
443,2022-06-30 12:27:28+00:00,dayryllejuly,"Sorry if I'll be flooding tweets 
sadyang ako'y nagagalak at nagbubunyi Pagbigyan nyo na ako mga meme at momo Just ignore me I will understand that but I will not shut my mouth tweets for today the next day any other day 

#SalamatPRRD
#OurPresidentMarcosJr
#OurVPSaraDuterte"
444,2022-06-30 12:21:00+00:00,chikensaad,The old man has come back home. #SalamatPRRD
445,2022-06-30 11:56:06+00:00,KayaPaNaman,"Sarap tignan yung magkasundong PRESIDENT at VICE PRESIDENT... 

imagine anim na taon magkaaway Yung dalang pinakamataas na upuan sa bansa. Gago talaga si Leni eh. 

#OurPresidentMarcosJr 
#PBBM #SalamatPRRD"
446,2022-06-30 11:48:46+00:00,untilwheneverxx,"I hope this one coming,if not better is as good ‚ù§Ô∏èüíö

#OurPresidentMarcosJr 
#SalamatPRRD"
447,2022-06-30 11:45:46+00:00,Kirbien19,"Wag na kayo mahiya, ipatrend niyo na ang Oust Marcos. 

#OurPresidentMarcosJr 
#MarcosInauguration 
#SalamatPRRD"
448,2022-06-30 11:21:30+00:00,31milmovement,"#SalamatPRRD 

Former President Rody Duterte nagmall kanina. ‚ò∫

The 31 Million Movement

üì∑ CTTO"
449,2022-06-30 11:14:43+00:00,CrissTinaY,"#SalamatPRRD ‚ù§Ô∏è
I will also never forget. It‚Äôs been an honor to take part in the government you led to serve the country.
Your legacy will remain and continue to inspire. 
Not perfect, but the best!
Enjoy your retirement Tatay Digs!"
450,2022-06-30 11:11:42+00:00,AtheeHeureux27,"Ramdam ko yung pagod ni PRRD. 

#salamatPRRD"
451,2022-06-30 11:10:23+00:00,JuanCamaroSS,"I def almost cried when President Duterte left. I mean, he was the most-trusted leader and came from my hometown. #SalamatPRRD"
452,2022-06-30 11:03:34+00:00,arkitoinkflp,"And the Marcoses are back in the Malaca√±ang üáµüá≠ 
Patuloy nating mahalin ang Pilipinas 
#PBBM #SalamatPRRD"
453,2022-06-30 10:43:15+00:00,Mrreus15,"Maraming salamat po! Our father that will do everything for the sake of every Filipino citizen. One of the great President! Sacrifices is worth and please rest well Tatay Digong, we love you üòä

#SalamatPRRD"
454,2022-06-30 10:39:58+00:00,casxmendoxa,"SANA TULUYAN NG ATAKIHIN KAYO SA PUSO MGA KAKAMPUTAS LOL CHARIZ RADIKAL ANG MAGMAHAL LOL

MARCOSJR INAUGURATION 
#OurPresidentMarcosJr 
#SalamatPRRD"
455,2022-06-30 10:36:09+00:00,casxmendoxa,"HANGGANG KUDA NA LANG TALAGA ANG MGA KAKAMPUTAS LOL

MARCOSJR INAUGURATION 
#OurPresidentMarcosJr 
#SalamatPRRD"
456,2022-06-30 10:35:43+00:00,casxmendoxa,"HISTORICAL MOMENT!! ‚ù§Ô∏èüíö

MARCOSJR INAUGURATION 
#OurPresidentMarcosJr 
#SalamatPRRD"
457,2022-06-30 10:31:54+00:00,casxmendoxa,"PRRD AND PBBM INTERACTION!! NAIIYAK AKO NANONOOD AKO NG REPLAY!! üò≠üò≠

MARCOSJR INAUGURATION 
#OurPresidentMarcosJr 
#SalamatPRRD"
458,2022-06-30 10:20:31+00:00,Wendie_Mhae,Salamat Davao sa pag hirap ng inyong tatay #salamatPrrd
459,2022-06-30 10:14:45+00:00,Hahadoukengina,"After 6yrs, naging successful din ang #OustDuterte ng mga Pinklawans hahaha.

Simulan nyo na din ung #OustBBM nyo ngayon, at magiging successful din yan 6yrs from now.

#SalamatPRRD 
#OurPresidentMarcosJr"
460,2022-06-30 10:12:59+00:00,mitchdee23,"Salamat sa Tanan Tay! Uli na diri naay pa concert salubong nimo diri sa atong dakbayan. 

Welcome Home Tatay Digong! 
#SalamatPRRD 
#WelcomeHomePRRD"
461,2022-06-30 09:55:44+00:00,imginoreyes,My vote for Former President Duterte was worth it. #SalamatPRRD
462,2022-06-30 09:46:28+00:00,lexsardinis,"Binasura yung DQ cases sa SC laban kay PBBM.
Hinigpitan ng NTC ang block time agreement sa mga TV network.
Pinapasara na ng SEC ang Rappler.
Na TRO si Guanzon bilang PL representative.

Ilan lang yan sa mga parting gift ni Tatay Digong sa atin

#SalamatPRRD"
463,2022-06-30 09:36:37+00:00,bloodxoxothorn,"Salamaaat kaayo jud tay idol jud kaayo ka!!! üò≠‚ù§Ô∏è
#SalamatPRRD üëä‚ù§Ô∏è"
464,2022-06-30 09:20:53+00:00,ruuffiiee,#SALAMATPRRD! ü´∂üèΩ KITAKITS SA CENTRAL PARK OR SA SM ECO HAHAHAHAHA ü•≥
465,2022-06-30 09:17:29+00:00,bubblyA1982i,"#SalamatPRRD for making us, ordinary commuting citizens, safe in our daily commute. Day and night. For the last 6yrs, i felt safe coming home late from work. Thank you for tirelessly working to ensure it."
466,2022-06-30 09:08:11+00:00,DuterteMarcos_,"Hindi ito ang huli, @RRD_Davao . Alam kong mararamdaman pa din namin ang pagmamahal mo kahit nagretiro kana. Kulang ang pasasalamat sa lahat ng ginawa mo para sa bansa. Mahal ka namin ng sobra, Tatay Digong!‚ù§Ô∏è Walang papantay sayo,maging sino man silaüëä #SalamatPRRD"
467,2022-06-30 08:58:11+00:00,beverlyOFFICIAL,"DAGHANG SALAMAT AMING TATAY DIGONG. MAKAKA-ULI KA NA PO SA DAVAO. ü•∫‚ù§Ô∏èüáµüá≠

#SalamatPRRD"
468,2022-06-30 08:56:21+00:00,Big_Panda11,Salmt tatay digong forever ang lahat nang mga nagawa mo #SalamatPRRD
469,2022-06-30 08:42:09+00:00,GenSunglao,Thank you President Duterte. #DuterteLegacy
470,2022-06-30 08:39:03+00:00,Mhazeng,"Umiiyak ako kanina dahil kay tatay digong ü•π long live tay stay safe and healthy ü§ç i love you poü§ó

#SalamatPRRD"
471,2022-06-30 08:35:24+00:00,CyrusDbyrus,#SalamatPRRD !!!
472,2022-06-30 08:23:37+00:00,iamluckyonejake,"#MabuhayPBBM ‚ù§Ô∏è

#MabuhayVPIndaySara üíö

#SalamatPRRD üëäüáµüá≠"
473,2022-06-30 08:21:26+00:00,WendyyyVantae,"The best President of the Philippines, because of you I graduated without paying any tuition fee üíú #SalamatPRRD"
474,2022-06-30 08:16:37+00:00,PulubingBlager,"Uy congrats sa mga gung gong na team #OustDuterte bumaba na siya sa pwesto pero hindi niyo siya napababa sa paraan na gusto niyo mga bobo hahaha
#SalamatPRRD at welcome back home to your hometown Mr. President Du30 &amp;
Welcome back home to Malaca√±an Palace #OurPresidentMarcosJr"
475,2022-06-30 08:12:59+00:00,chavoyodimax,"ayaw nila kay PRRD kahit na, sya lang yung nag support sa AFP,PNP,PCG sa financial, even nagbigay ng financial sa lahat ng athlete ng pilipinas, kahit na bumaba ng 85% yung crime rate sa buong pilipinas. #SalamatPRRD"
476,2022-06-30 08:10:11+00:00,ShyYouLangAko,"Im crying #SALAMATPRRD 
#CONGRATSPBBM"
477,2022-06-30 07:55:30+00:00,casxmendoxa,"MADAM PROF. CLARITA CARLOS IN THE HOUSE!! ‚ù§Ô∏èüíö

MARCOSJR INAUGURATION 
#OurPresidentMarcosJr 
#SalamatPRRD"
478,2022-06-30 07:50:10+00:00,casxmendoxa,"HOY AMPOGI SINO YON?? MUKANG OPPA!! ‚ù§Ô∏èüíö

MARCOSJR INAUGURATION 
#OurPresidentMarcosJr 
#SalamatPRRD"
479,2022-06-30 07:42:13+00:00,casxmendoxa,"SABONG ULIT YIIIIEEEEE ‚ù§Ô∏èüíö

MARCOSJR INAUGURATION 
#OurPresidentMarcosJr 
#SalamatPRRD"
480,2022-06-30 07:40:35+00:00,casxmendoxa,"Ang cute ni First Lady Atty. Liza!! Nag struggle sya sa pag-akyat sa hagdan. LOL. Napaka cute lang. ‚ù§Ô∏èüíö

MARCOSJR INAUGURATION 
#OurPresidentMarcosJr 
#SalamatPRRD"
481,2022-06-30 07:35:41+00:00,angelax1D,#SalamatPRRD
482,2022-06-30 07:28:18+00:00,ambrly2,#SalamatPRRD ‚ù§Ô∏è
483,2022-06-30 07:26:24+00:00,ligaligjoy,"Bat ganon, naiiyak ako nung nakita ko yung departure video ni PRRD from malaca√±ang huhuhu. First time kong nafeel to. #SalamatPRRD"
484,2022-06-30 07:24:13+00:00,GangTang1998,#SalamatPRRD ü•∫‚ù§Ô∏è
485,2022-06-30 07:18:43+00:00,CamsonMarco,"Duterte! Duterte! Duterte!
Still ringing in my ears even after six years! 
#SalamatPRRD"
486,2022-06-30 07:18:35+00:00,lucyyvan831,"No better way to thank PRRD for his superb 6 yrs-- by electing a PRES &amp; VP who fully support what he 're-started'

Imagine if the opposite had happened (luckily we dodged a bulletüòÇ) pano makakarelax si PRRD bukas, good job 31M++üëä‚úåÔ∏è‚ô•Ô∏èüíö
#OurPresidentMarcosJr
#PBBM
#SalamatPRRD"
487,2022-06-30 07:07:46+00:00,BadongBadongski,Taydigz remains to be my generations greatest president post Edsa86 #SalamatPRRD
488,2022-06-30 07:04:08+00:00,JashLikeThat,#SalamatPRRD
489,2022-06-30 07:00:03+00:00,BadongBadongski,Standing ovation to Taydigz for making rallies so insignificant that they cant show their faces bare and even hide them behind those placards #SalamatPRRD
490,2022-06-30 06:58:50+00:00,dseyrom,"#SalamatPRRD ü•∫üíï
#MabuhayPBBM üí™üèæüòä"
491,2022-06-30 06:47:18+00:00,BadongBadongski,Applause to TayDigz for making rallies so insignificant that they dont know what theyre fighting for anymore #SalamatPRRD
492,2022-06-30 06:42:30+00:00,its_WineRed,"#OurPresidentMarcosJr 
#BagongPilipinas
#SalamatPRRD 

President Bongbong Marcos Jr.
ensuring that Vice President Sara Duterte is in the spotlight is a clear commemoration of President Duterte's brand.
A tribute &amp; inauguration into one event.

this makes me admire BBM more."
493,2022-06-30 06:41:34+00:00,casxmendoxa,"DELUSIONAL KAKAMPUTAS

MARCOSJR INAUGURATION 
#OurPresidentMarcosJr 
#SalamatPRRD"
494,2022-06-30 06:38:58+00:00,casxmendoxa,"SARAP ASARIN NG MGA KAKAMPUTAS!! MGA IYAKIN AMPOTA!! LOL

MARCOSJR INAUGURATION 
#OurPresidentMarcosJr 
#SalamatPRRD"
495,2022-06-30 06:28:34+00:00,Cychopath666,SALAMAT PO TATAY DIGONG!ü•∫‚ù£Ô∏è #PRRD #DuterteLegacy
496,2022-06-30 06:28:21+00:00,ApoAmanda,"Ma miss po namin kayo, tatay D. Sana mag enjoy po kayo ngayon as an ordinary Citizen.
#SalamatPRRD"
497,2022-06-30 06:22:04+00:00,casxmendoxa,"TANGINA NG MGA KAKAMPUTAS NA TO!! MGA BALIW AMPOTA. 

MARCOSJR INAUGURATION 
#OurPresidentMarcosJr 
#SalamatPRRD"
498,2022-06-30 06:17:11+00:00,casxmendoxa,"KAKAMPUTAS BRINGING THIS COUNTRY DOWN. MANA SA SANTA PINKACHU NILA SINISIRAAN TAYO SA IBANG BANSA. PUTANGINA NYONG MGA SALOT KAYO!! FUCKING BURN IN HELL ALREADY.

MARCOSJR INAUGURATION 
#OurPresidentMarcosJr 
#SalamatPRRD"
499,2022-06-30 06:14:38+00:00,ellykeyaf,"Words are not enough to express our gratitude. #SalamatPRRD

‚ù§Ô∏èüíöüëä"
500,2022-06-30 06:13:12+00:00,soleighs_,"I Highly respect you, our Tatay Digong.   #SalamatPRRD"
501,2022-06-30 06:12:25+00:00,GGsLIFE1,"PRRD‚Ä¶‚Ä¶flawed. and (still) worthy! 

Daghan kaayong salamat gikan sa kinahiladman sa akong kasingkasing Tatay Digong! 

‚Ä¶‚Ä¶tungod nimo gihigugma nako ug balik ang Pilipinas. Hapit na ko mouli.  

#SalamatPRRD"
502,2022-06-30 06:03:25+00:00,Jjcruz2,"‚ÄúAng dating Pangulong Rodrigo Duterte‚Ä¶‚Äù 

Ang emotional nun linya‚Ä¶ taragis!ü•πüò≠

#SalamatPRRD"
503,2022-06-30 05:51:25+00:00,iamrheamanalo,#SalamatPRRD ü•∫ Huwag ka magalala di masasayang ang lahat! Si PBBM ang magpapatuloy ng sinimulan mo ü§ç
504,2022-06-30 05:39:03+00:00,ajhayarias_,#SalamatPRRD isa ka sa mga dahilan kung bakit andito ako sa kung ano ang narating ko ngayon. ü•π
505,2022-06-30 05:37:27+00:00,james_romualdez,"To the now former president Rodrigo Duterte, take a well earned rest after carrying the country on your back for 6 years. God Bless you.
#SalamatPRRD"
506,2022-06-30 05:34:51+00:00,joymndp,"Bakit naiiyak ako sa mga vid ni PRRD
Nakakatawa man pero nakakaluha, tears of joy having him for 6 years. We love you always Tatay Digs ‚ù§Ô∏èüëä #SalamatPRRD #Philippines"
507,2022-06-30 05:32:42+00:00,Nine19914,"Thanks God sya nanalo atleast we witnessed iparade ang mga military upgrade ni Tatay Digong, kung si lugaw siguro nanalo pagmukhain na naman kaawa awa ang Pilipinas. Maraming #SalamatPRRD. Malaking pressure kay PBBM for sure dahil kay PRRD.

 #OurPresidentMarcosJr"
508,2022-06-30 05:29:46+00:00,sansansthoughts,"Till the end, his barong sleeves are still rolled in the most unconventional way just like how he lead for the past six years. #SalamatPRRD"
509,2022-06-30 05:26:03+00:00,maamchinito,"u can hate PRRD all you want, but u can't deny the fact na maraming nagawa ang kanyang administrasyon compare sa past presidents, partida may pandemic pa yan. #SalamatPRRD #PDigong"
510,2022-06-30 05:26:02+00:00,iamwhatiam300,"Tatay Digong is the most popular and most loved President because he did really well as the leader of this country and Filipinos acknowledged his efforts.

MARCOSJR INAUGURATION 
#OurPresidentMarcosJr 
#SalamatPRRD 
#PBBM"
511,2022-06-30 05:25:36+00:00,Aponimasterpogi,"Salamat PRRD ‚ù£üëäüèª
#DuterteLegacy"
512,2022-06-30 05:24:34+00:00,Cris84Mon,Salamat po Pres Duterte #PRRD  #Duterte #DuterteLegacy
513,2022-06-30 05:23:59+00:00,kisses0731,Congratulations #PBBM @bongbongmarcos. Salamat tatay Digong kasi ikaw ang stepping stone para tumintig na ang mga pilipino at labanan ang mga mapang api at mapang linlang sa gobyerno. 31M ang totoong tumindig. #OurPresidentMarcosJr #SalamatPRRD üáµüá≠
514,2022-06-30 05:20:56+00:00,iamjoharra11,"Nag kulang at nag kamali man sila sa ibang bagay. Ipagpasalamat pa rin natin ang mga nagawa nila‚ù£Ô∏è
#SalamatPRRD
#salmatVPLeni"
515,2022-06-30 05:17:20+00:00,roilanmarlang,"Maraming salamat sa inyong serbisyo 

Former President Rodrigo Roa Duterte,
Former Vice President Maria Leonor Gerona Robredo
Former Manila Mayor Francisco Moreno Domagoso

Hanggang sa muli! Maraming salamat! üëäü§û‚òùÔ∏è

#SalamatPRRD 
#SalamatVPLeni 
#SalamatYORME"
516,2022-06-30 05:17:14+00:00,MhayGonzales9,"Okay tpos na inauguration ni pbbm uuwi na si prrd sa davao that's for today's ganap now back to sleep na si ako my work pa mamaya.
#SalamatPRRD 
#OurPresidentMarcosJr"
517,2022-06-30 05:15:22+00:00,ira_monje,"Daghang salamat kaayo, tay!!! Makahilak mnsd ta ani uy #SalamatPRRD"
